122008EM0000111112,9791188167135,null,해피엔딩으로 만나요,샤를로테 루카스,북펌,2018,다른 사람의 인생에 해피엔딩을 선물한다는 것이 과연 가능한 일일까?《당신의 완벽한 1년》의 저자 샤를로테 루카스의 장편소설 『해피엔딩으로 만나요』. 어차피 지어낸 이야기라면 결말을 바꿔서 더 아름답고 바람직한 마무리로 이야기를 매듭짓는 게 더 낫지 않을까? 이런 확고한 소신으로 ‘더 나은 결말’이라는 인기 블로그를 운영 중인 엘라 파우스트. 엘라는 지금 행복하다. 평온하고 안락한 지금 이대로 인생이 계속된다면 분명 그토록 바라는 ‘해피엔딩’을 맞이할 수 있을 것이다. 가정관리사라는 사회적 커리어와 오랜 친구와의 우정까지 포기하고 선택한 완벽한 남자 필립의 청혼을 받았고 곧 멋진 결혼식을 올릴 예정이다. 그렇게 몸소 ‘해피엔딩’을 실현하고 있는 엘라에게 느닷없이 들이닥친 청혼자의 배신과 이별 통보, 그리고 우연한 충돌사고로 얽혀버린 오스카라는 남자. 과거에 대한 대부분의 기억을 잃고 막대한 재산과 기본적인 생활상식, 알쏭달쏭한 성격만 남은 오스카에게 엘라는 잃어버린 기억을 되찾아주려 하지만, 과거를 캐면 캘수록 그 남자의 인생은 ‘끔찍한 불행’과 맞닿아 있다. 그 불행한 현실을 사실 그대로 알려줘야 할까 말아야 할까? 엘라는 이런 고민을 거듭한 끝에, 평소의 소신에 따라 오스카의 인생에 아름다운 결말을 선사하려 하는데…….,800840
122008EM0000111113,9791185459943,null,이 삶을 사랑하지 않을 이유가 없다 ,니나 리그스,북라이프,2017,우리의 삶을 지탱해주는 사랑의 힘서른여덟 살의 나이에 전이성 유방암 선고를 받고 시한부 삶을 살다간 한 작가의 마지막 삶의 여정을 담은 『이 삶을 사랑하지 않을 이유가 없다』. 대학교에서 글쓰기를 가르치는 시인이자 두 아이의 엄마, 한 남자의 아내로 평범하게 가정을 꾸려가며 살던 니나 리그스는 2015년 유방암 판정을 받았다. 초반에는 치료가 가능할 것처럼 보였지만 이 공격적인 암은 그녀의 삶을 빠르게 잠식해나갔다. 길게는 3년, 짧게는 1년 6개월의 시한부의 삶을 살아가는 동안 어린 아들이 당뇨병 진단을 받는 일까지 벌어졌고, 다발성 골수종 투병을 해온 엄마의 죽음을 지켜봐야만 했다. 유방암 투병으로 고통을 겪고 슬픔을 느끼기도 했지만 저자는 지나친 감상이나 자기 연민에 빠지지 않고 솔직하고 담백한 어조로 아이들의 할로윈 의상과 새로 산 소파 등의 일상 이야기부터 자신에게 위안을 준 에머슨과 철학자 몽테뉴의 글까지 삶의 여정을 기록해나갔다. 그렇게 이 책을 통해 암이 진행된 제1기, 제2기, 제3기, 제4기까지 약 1년 6개월간, 사랑스럽고 생기 넘치는 두 아들과 언제나 정직함과 유머를 잃지 않았던 남편, 가족과 지인들, 자신과 같은 고통을 겪고 있는 친구들 등 소소하지만 아름다운 일상의 풍경과 함께 암과 싸워 이기는 것이 아닌, 암에도 굴하지 않고 삶을 사랑하는 태도를 잃지 않는 진정한 승자의 모습을 엿보게 된다. 이런 저자의 이야기를 통해 허락된 시간 속에서 우리가 사랑하는 것들로 삶을 채워가는 방법에 대해 깨닫게 된다.,800840
122008EM0000111114,9791187165323,null,하루 10분 내 인생의 재발견,라이언 홀리데이  , 스티븐 핸슬먼,스몰빅라이프,2018,그리스·로마의 현자들에게 배우는 삶의 지혜후회하지 않는 삶을 살려고 한다면 어떻게 살아야 하는 것일까? 이에 대해 추상적이지 않으면서 현실적인 대답을 내놓은 사람들이 바로 그리스와 로마 시대를 풍미했던 스토아 사상가들이었다. 누구나 잘 알고 있는 “카르페 디엠(지금 이 순간에 충실하라)”이라는 말도, 몽테뉴와 칸트, 니체에 이르기까지 2천년을 이어온 삶에 대한 철학적 성찰도 스토아 사상에 그 근원을 두고 있다. 발간되는 책마다 독자들로부터 호평을 받으며 전 세계 28개국에 번역이 될 정도로 인기를 끌고 있는 저자 라이언 홀리데이는 하버드대에서 스토아 사상을 연구한 스티븐 핸슬먼과 함께 이 책에서 스토아가 제시하는 삶의 철학을 누구라도 이해하기 쉽게 풀어서 전달하고 있다. 하루 10분, 365일 동안 삶에 대해 사색할 수 있게끔 엮은 이 책을 통해 독자들은 인생의 중심을 바로 세우고 새롭게 삶을 개척해나갈 수 있는 용기를 얻게 될 것이다.,800840
122008EM0000111115,9791195522125,null,언어의 온도,이기주,말글터,2016,말과 글에는 나름의 온도가 있다.언어에는 따뜻함과 차가움, 적당한 온기 등 나름의 온도가 있다. 세상살이에 지칠 때 어떤 이는 친구와 이야기를 주고받으며 고민을 털기도 하고, 어떤 이는 책을 읽으며 작가가 건네는 문장으로 위안을 얻는다. 이렇듯 ‘언어’는 한순간 나의 마음을 꽁꽁 얼리기도, 그 꽁꽁 얼어붙었던 마음을 녹여주기도 한다.,800810
122008EM0000111116,9788937473135,null,82년생 김지영,조남주,민음사,2016,공포, 피로, 당황, 놀람, 혼란, 좌절의 연속에 대한 한국 여자의 인생 현장 보고서!문학성과 다양성, 참신성을 기치로 한국문학의 미래를 이끌어 갈 신예들의 작품을 엄선한 「오늘의 젊은 작가」의 열세 번째 작품 『82년생 김지영』. 서민들의 일상 속 비극을 사실적이면서 공감대 높은 스토리로 표현하는 데 재능을 보이는 작가 조남주는 이번 작품에서 1982년생 김지영 씨의 기억을 바탕으로 한 고백을 한 축으로, 고백을 뒷받침하는 각종 통계자료와 기사들을 또 다른 축으로 삼아 30대를 살고 있는 한국 여성들의 보편적인 일상을 완벽하게 재현한다.,800810
122008EM0000111117,9788954646079,null,바깥은 여름,김애란,문학동네,2017,우리를 실망시키지 않는 작가 김애란이 선보이는 일곱 편의 마스터피스!김애란이 돌아왔다. 작가생활 15년간 끊임없이 자신을 경신해오며, 지금 우리가 발 딛고 서 있는 곳의 이야기를 우리의 언어로 들었을 때 느끼게 되는 친밀감과 반가움, 그 각별한 체험을 선사해온 저자가 《비행운》 이후 5년 만에 펴내는 신작 소설집 『바깥은 여름』. 제37회 이상문학상 수상작 《침묵의 미래》, 제8회 젊은작가상 수상작 《어디로 가고 싶으신가요》를 포함한 일곱 편의 작품들을 만나볼 수 있다. ,800810
122008EM0000111118,9788932318967,null,미미일소흔경성,구만,현암사,2018,로맨스 소설 베스트셀러 작가로, 출간 도서마다 베스트셀러로 높은 인기를 얻으면서 중국 부자 작가 순위에 3년 연속 이름을 올렸다. <미미일소흔경성>은 여러 언어로 번역돼 각국에서 베스트셀러에 올랐고, 영화와 드라마로 제작 방영되었다. 드라마는 방영되자 이틀 만에 인터넷 사이트에서 재생 수 10위를 차지, 두 달 만에 재생 수 150억 뷰를 돌파했다. <미미일소흔경성>의 남녀 주인공은 네티즌이 가장 사랑하는 남녀 주인공 3위 안에 들었다. 가볍고 유머 있는 문장과 명대사로 청춘의 사랑을 경쾌하게 묘사해 여성들의 마음을 사로잡고 있다. 출판된 소설로는 <하이생소묵 何以笙?默>, <삼삼래흘 杉杉來吃>, <교양사아 驕陽似我> 등이 있다.,800820
122008EM0000111119,9788954645935,null,삼생삼세 십리도화,당칠공자,문학동네,2017,세 번의 삶, 그리고 단 하나의 사랑!2017년 58부작으로 제작되어 중국 현지에서 경이로운 인기를 이어가고 있는 중국 드라마 《삼생삼세 십리도화》의 원작 소설 『삼생삼세 십리도화』. 중국의 고유한 세계관에서 영감을 얻어 탁월한 상상력과 섬세하고 우아한 필치로 자신만의 작품 세계를 구축한, 저력 있는 신예 작가 당칠공자의 「삼생삼세 시리즈」가운데 첫 작품이다. 중국 고서 《산해경》에서 소재를 빌려왔고, 불교의 인과 사상과 환생, 도교의 신선 개념이 혼합된 독특한 세계관을 기본으로 하며 중국 고대 전설과 신화까지 녹아 있는 작품이다. ,800820
122008EM0000111120,9791160072075,null,망내인,찬호께이,한스미디어,2017,인터넷은 편리한 도구인가, 아니면 위험한 분쟁거리인가?
《13.67》 이후 2년간 심혈을 기울여 더욱 성숙해진 서사, 교묘하고 정밀한 구성과 묘사로 돌아온 찬호께이의 장편소설 『망내인』. 우리 식으로 풀자면 ‘네트워크 인간’인 이 작품은 2015년에 일어난 사건을 다루고 있다. 그 사건은 우리 모두에게 너무나도 익숙한 인터넷상의 인격 모독, 악성 댓글, 비방과 악소문 등에 뿌리를 둔 것으로, 지역과 나라를 뛰어넘어 동시대성을 확보한다. ,800820
122008EM0000111121,9791161903538,null,연애의 행방,히가시노 게이고,소미미디어,2018,히가시노 게이고 표 설원 로맨틱 코미디!히가시노 게이고만이 써낼 수 있는 현실적이고 솔직한 연애소설 『연애의 행방』. 《백은의 잭》, 《질풍론도》, 《눈보라 체이스》에 이은 스키장 연작 「설산 시리즈」의 네 번째 작품이다. 시리즈의 배경인 사토자와 온천스키장을 무대로 흔히 볼 수 있는 평범한 사람들의 연애사를 늘 독자를 실망시키지 않는 저자만의 솜씨로 흥미진진하게 그려냈다. ,800830
122008EM0000111122,9788972756194,null,나미야 잡화점의 기적,히가시노 게이고,현대문학,2012,따뜻한 고민 상담실 ‘나미야 잡화점’으로 오세요!일본을 대표하는 소설가 히가시노 게이고의 신작 『나미야 잡화점의 기적』. 2012년 일본 중앙공론문예상 수상작으로, 작가가 그동안 추구해온 인간 내면에 잠재한 선의에 대한 믿음이 작품 전반에 녹아 있다. 오래된 잡화점을 배경으로, 기묘한 편지를 주고받는다는 설정을 통해 따뜻한 이야기를 들려준다. ,800830
122008EM0000111123,9788952775184,null,앨리스 죽이기,고바야시 야스미,검은숲,2015,《이상한 나라의 앨리스》가 가진 환상성에 그로테스크한 묘사와 치밀한 논리가 더해진 본격 미스터리 화제작『앨리스 죽이기』. 앨리스가 도마뱀 빌과 잡담을 나누고 있을 때 달걀 험프티 덤프티가 여왕의 정원 담 위에서 추락사한다. 3월 토끼와 미치광이 모자 장수는 살인사건이라며 호들갑을 떨어대고, 앨리스는 사건 현장에서 그녀를 보았다는 목격자 흰토끼의 증언 때문에 용의자로 몰리는데.,800830
122008EM0000111124,9788947243667,null,한국어 표현교육론,국제한국어교육학회 ,형설출판사,2010,국제한국어교육학회의 『한국어 표현교육론』. 표현 기능인 말하기와 쓰기를 외국어 또는 제2언어로서 한국어를 배우는 사람들에게 어떻게 효과적으로 가르칠 것인지에 대하여 다룬다. 말하기와 쓰기는 모두 이해 영역에 대비되는 표현 영역이라는 측면에서 하나로 묶일 수 있다. 하지만 말하기와 쓰기는 같은 표현 영역에 속한다고 하더라도 말하기는 구어적 특성이 강한 반면 쓰기는 문어적 특성이 강하다. 따라서 말하기와 쓰기를 각각 1부와 2부로 나누어 집필하였다. 1부에서는 입말에 해당하는 말하기를 교육하는 방법에 관해 다루었고, 2부에서는 글말에 해당하는 쓰기를 교육하는 방법에 관하여 다루었다.,700710
122008EM0000111125,9788962924459,null,한국어 교사를 위한 문형 예문집,국제한국어교육학회,박이정,2013,『한국어 교사를 위한 문형 예문집』은 현재 한국어를 가르치고 있는 교사들에게 필요한 정확하고 다양한 예문들을 제시하는 교원 참고서이다. 한국어 교원들의 교안 작성 및 수업 준비, 문형 지도에 도움을 줄 뿐만 아니라, 예비 교원들의 시강 준비와 문형 지식을 쌓는 데도 도움을 준다. 국제통용한국어표준모형(2단계)의 중급 문형별로 예문 15~20여 개를 실어 중급 이상의 한국어 학습자들이 문형을 익히는 데 필요한 예문을 충분히 제공하고, 예문의 내용은 다양한 학습자 층을 고려하여 활용도 높은 예문들로 구성하였다.,700710
122008EM0000111126,9791160451450,null,한글생활백서,김홍석,연필의힘,2017,재미있는 한글 이야기로 채운『한글생활백서』. 이 책은 ‘남녀의 언어적 차이‘, ’유아의 언어‘, ’한글 기원설‘, ’ 남북한의 언어차이‘, ’외국인에게 한글을 가르치는 순서‘ 등 우리가 매일 사용하는 재미있는 한글에 관한 재미있는 야담 기록물이다.,700710
122008EM0000111127,9791157682799,null,특허받은 중국어 한자 암기박사,공앤박한자연구소 ,동양북스,2017,특허받은 분해조립식 한자 학습법으로 중국어 한자 완전 정복!적지 않은 중국어 초급 학습자들은 어떻게 하면 한자를 효율적으로 습득할 수 있을까 고민한다. 그러나 한자를 만든 고대 중국인들을 비롯하여, 현재 한자를 자유자재로 읽고 쓰는 중국인들이 모두 천재가 아니라는 사실을 생각한다면 무엇인가 쉽게 한자를 배울 수 있는 지름길은 있을 것이다. 우리는 이 책에서 누구나 쉽고 흥미롭게 한자를 접할 수 있는 비결을 함께 나누고자 한다. 한자를 쉽게 익히려면 먼저 그 한자가 어떻게 만들어졌는지 배경을 살펴보는 것이 중요하다. 따라서 이 책에서는 한·중·일 3개국 학자들의 의견과 상형문자인 갑골문과 금문을 근거로 삼고 그 위에 개인적인 의견을 더하여 한자가 만들어진 원리를 설명하려고 노력하였다. ,700720
122008EM0000111128,9788983969880,null,중국어 상용한자 500자 해설,송영정, 제해성,신아사,2017,본서는 평소 중국어에 흥미를 갖고 중국어상용한자를 체계적으로 학습하려는 대학생 및 일반인 학습자들이 ‘중국어 상용한자 500자’를 정확하게 이해하고, 향후 관련전공이나 지속적인 중국어학습에서 폭넓게 활용할 수 있도록 편찬하였다. 먼저 현대중국어빈도사전(現代漢語頻率詞典) (北京語言學院出版社, 1986年)에 근거하여 편찬한 중국어상용한자2500(계명대학교출판부, 2005년)에서 기초 수준의 ‘중국어상용한자 500자’를 선정하였다. 선정한‘중국어상용한자 500자’는 각 글자마다 ‘정자(正字/繁體字)’와 ‘간화자(簡化字/簡體字)’를 제시하고,字音-字義-解說-字體(甲骨-金文-篆書-?書)순으로 설명한 후, 해당 한자를 활용한 중국어어휘(단어, 성어 위주)를 예시하고 한어병음(漢語?音)을 달았다. 예시한 중국어어휘는 가급적 ‘HSK(漢語水平考試) 甲-乙-丙-丁級’의 순서에 따라 배열하였다.,700720
122008EM0000111129,9791157526086,null,중국어 표현사전,화서당,넥서스CHINESE,2016,『중국어 표현사전』은 초급 후반부터 중고급 학습자까지 두루두루 사용할 수 있는 무게있는 중국어 교재이다. 수많은 상황에서 쓰일 수 있는 다양한 중국어 표현을 사전식으로 정리하였다. 한글 표제어와 한글-중국어 색인으로 회화나 중작을 할 때 효과적으로 빨리 찾아 사용할 수 있도록 하였다.,700720
122008EM0000111130,9788960478848,null,일본어 무작정 따라하기,후지이 아사리,길벗이지톡,2014,듣기만 해도 말이 나오는 소리 패턴 학습법『일본어 무작정 따라하기』는 히라가나를 외우면서 시작하는 전형적인 일본어 학습 방법에서 벗어나 듣기부터 시작하는 학습법을 선보인 일본어 교재이다. 소리 패턴 학습법을 확실하게 구현할 수 있는 형태로 STEP별 구성을 재정비했으며, 학습법의 효과를 극대화할 수 있는 단계별 공부 방법까지 구체적으로 제시하였다. 또한 책 없이 소리만으로 공부를 시작하는 독특한 학습법을 제대로 익힐 수 있도록 저자 음성 강의, 트레이닝용 mp3 파일, 훈련용 소책자, 부가 서비스 등을 통해 체계적이고 유기적인 학습이 가능하다.,700730
122008EM0000111131,9788983000033,null,귀와 입이 저절로 열리는 일본어뱅크 감바레 일본어 Step. 1,문선희  , 유창석, 김영,동양북스,2012,듣기, 말하기, 읽기, 쓰기를 종합적으로 학습! 초급부터 시작할 수 있는 자연스러운 일본어 회화! 듣기, 말하기, 읽기, 쓰기를 종합적으로 학습! 초급부터 시작할 수 있는 자연스러운 일본어 회화! 그림과 음성 녹음으로 일본어 어휘력을 한층 업그레이드! 강화된 읽기 연습으로 말문이 저절로 트인다!,700730
122008EM0000111132,9791157520251,null,4주 완성! 독학 일본어 첫걸음 ,최은준,넥서스JAPANESE,2014,『4주완성 독학일본어첫걸음』은 왕초보를 위한 맞춤형 초간단 구성된 일본어 교재이다. 한 달 만에 기초 완성과 복습까지 집중 학습할 수 있으며 8가지 무료 학습자료로 무한반복 복습 훈련을 통해 일본어 독학을 학습할 수 있다.,700730
122008EM0000111133,9791188102020,null,조선시대 영어교재 아학편,정약용 (원작), 지석영, 전용규,베리북,2018,Vegetabl 뻬쥐타불, Rice 으라이쓰, Learn 을러언, Book 브크. 110년 전 영어교재가 지금보다 발음이 정확하다면 믿어지시나요? 조선시대 영어교재 아학편은 110년 전 우리 선조들이 공부했던 영어교재입니다. 다산 정약용 선생이 강진 유배생활 중 아동용 한자학습서인 《아학편》을 집필하고, 이 《아학편》을 모태로 1908년 지석영, 전용규 선생이 영어, 일본어, 중국어 독음을 추가하여 재구성하게 됩니다. ,700740
122008EM0000111134,9788974574864,null,매일 10분 기초 영문법의 기적 영어패턴이 보이고 영어회화가 된다!,James M. Vardaman  , 안도 후미히토,키출판사,2017,『매일 10분 기초 영문법의 기적』은 매일 2페이지씩 학습 내용을 아주 심플하게 제시하고 있지만 그 효과는 실로 놀라운 책이다. 중요한 건 학창시절 이후 영어를 손 놓고 있던 사람들도 쉽게 들이댈 수 있게 해준다는 거다. 보고 질리는 영어 책이 아니라, ‘한번 해볼 만 하겠는데!’, ‘이 책으로 공부하면 될 것 같은데!’ 이런 느낌을 전달한다. ,700740
122008EM0000111135,9791185980003,null,팝스 잉글리시 노래만 불러도 귀와 입이 트이는 팝송 영어 훈련,라이언 강,바이링구얼,2014,『팝스 잉글리시』는 한국인 20-30대가 가장 좋아하는 현대 팝송 33곡을 듣고 따라 부르며 리스닝과 스피킹 실력을 함께 향상시킬 수 있도록 구성한 책이다. 네이버 블로그(http://blog.naver.com/nick0413)에서 책에 실린 모든 곡을 들을 수 있으며, 팟캐스트와 팟빵에서 저자의 완전한 음성 강의를 무료로 제공한다.,700740
122008EM0000111136,9791155502280,null,동아시아 역사상 문화교류와 상호인식,김경호,성균관대학교출판부,2017,『동아시아 역사상 문화교류와 상호인식』의 주요 특징은 동아시아라는 지역을 지식과 교류 및 소통의 공간으로 설정하고 이에 대한 학술적 접근을 시도하고 있다는 점이다. 우선 종이가 주요 서사재료로 사용되기 이전 시기, 한국에서 출토된 목간의 연구를 통해 동아시아의 간독문화가 형성되었다는 지적(다이웨이홍)과 종이와 목독이 병용하던 시기에 중국 문화의 선진성뿐만 아니라 중국과 교류를 진행한 지역과 국가 역시 독자적인 성격의 고대국가로 성장 발전하였다는 지적(김경호)은 동아시아 고대사회에서 전개된 문화교류의 실상을 출토자료를 통해 논증하고 있다는 점에서 매우 주목할 만하다. 또한 ‘중화(中華)’라는 동아시아 이념체제에서 조선에서도 역시 중화의 관념이 지배하였다는 지적(하영휘)과 근대의 길목에서 조선의 대표적 학자인 박규수가 청의 대표적 학자인 고염무 사당의 회제에 참여한 사실은 바로 양국의 지식인들 사이에서 지속적이고 적극적인 교류와 인식 및 상호이해가 전제되어 양자 간 깊은 유대감을 형성하여 동아시아 사회에서의 동질성을 확인할 수 있는 좋은 사례일 것이다.,900910
122008EM0000111137,9788942320370,null,동아시아사의 비교와 교류,전해종,지식산업사,2000,동아시아 역사를 비교의 관점에서 서술한 책. 중국사료에 기록된 사실을 한국관이라는 관점에서 유형적으로 분석하고 중국인의 한국관이 어떠하였으며 나아가 어떠한 관념에서 문헌의 기록이 이루어졌는가를 담은 <중국인은 한국을 어떻게 생각하였는가>를 비롯해 <동아시아 여러 지역 간의 교류와 이주> 등 6편의 논문을 수록했다.,900910
122008EM0000111138,9791187141259,null,천년전쟁,오정환,종문화사,2017,『중국 천년전쟁』에서 만나는 베트남의 역사는 흡사 진흙 속에 묻혀있던 보석처럼 화려하고 흥미진진하다. 진시황 이후 중국을 통일한 역대 왕조들은 단 한 번의 예외 없이 베트남을 침략했다. 이로 인해 1천 년간 식민 지배를 받았던 베트남은 서기 938년 불타는 바익당강 위에서 독립을 쟁취했고, 다시 1천 년간 중국과 간단없는 전쟁을 치러야 했다. 강대한 외적에 맞서기 위해 베트남은 매번 민족의 모든 역량을 결집했다. 그 과정에서 드러나는 빛나는 지혜와 지도력, 현란한 전략전술, 희생과 배신과 고뇌와 환희는 인간사의 모든 면을 극적으로 보여주었다.,900910
122008EM0000111139,9788961870450,null,유럽의 영토 분쟁과 역사 분쟁,김승렬 , 박용희, 문수현, 이용재, 김종법,동북아역사재단 ,2008,지난 몇 년 동안 진행된 동북공정 관련 논쟁은 우리의 논의 지평을 좀 더 넓혀야 할 필요성을 제기했다. 왜냐하면 우리가 펼쳐야 하는 광장은 우선 국제무대이기 때문이다. 한국사에 관심을 갖고 있는 몇몇의 서양사 전공자가 이 문제를 적극적으로 다루었다. 하지만 이들은 이 문제에 민족주의를 이론적으로 비판하는 입장으로 접근하고 있다.,900920
122008EM0000111140,9788990636577,null,역사가 기억하는 유럽의 변화,궈팡,꾸벅,2012,청소년을 대상으로 인류의 역사를 간결히 소개하는 「세계사」 제5권 『역사가 기억하는 유럽의 변화』. 종교, 지리, 과학, 문학, 예술 분야로 나누어 16세기 유럽 사회에 일어난 거대한 변화를 전체적 시각에서 조망하고 분석한다. 중세 1000년간 종교의 압제에 억눌린 인간의 본성을 새롭게 일깨워 인류 문명의 대전환기를 맞이한 16세기 유럽 역사를 생생한 그림과 사진을 통해 알기 쉽게 기록하고 있다.,900920
122008EM0000111141,9788994898452,null,현대 유럽의 역사,앨버트 S. 린드먼,삼천리,2017,입체적으로 만나보는 현대 유럽의 정체성! 『현대 유럽의 역사』에서 저자는 러시아와 동독, 폴란드, 헝가리, 옛 유고슬라비아와 체코슬로바키아에 이르기까지 동유럽과 중부유럽의 역사에 지면을 할애해 서유럽에 치우친 역사서술을 재조정하여 하나이면서도 여럿인 오늘날 유럽의 정체성을 밝히고자 한다. 프랑스혁명과 나폴레옹전쟁이 끝나고 이른바 빈체제가 수립된 1815년부터 유럽연합이 심대한 위기를 맞고 있는 오늘날까지 아우르며 현대를 정의하고, 19세기와 20세기, 21세기 초를 연속적으로 읽어 냄으로써 시간이 흐르면서 형성되어 온 오늘날 유럽의 평면적인 모습보다 분열과 통합, 혁명과 반동, 전쟁과 동맹을 거듭하면서 진화해 온 현대 유럽의 정체성을 더 입체적으로 파악하고자 한다.,900920
122008EM0000111142,9788956490069,null,숨겨진 비밀의 역사 중동 아프리카,역사교육자협의회,예신,2003,신비와 선입견에 가려져 있는 중동과 아프리카의 역사에 대해 기술했다. 역사적 사실의 기술에만 그치는 것이 아니라 그곳의 기후와 풍토 그리고 생활조건과 문화의 관계를 흥미있게 서술하여 중동과 아프리카지역을 이해하는데 도움을 준다. 오늘날 세계는 서로 복잡하게 얽혀있다. 그동안 서구 열강 중심의 역사인식속에서 다소 소흘히 해온 중동과 아프리카에 대한 깊은 이해없이는 올바른 세계관을 형성할 수 없다. 선입견과 그릇된 역사인식속에서 벗어나 역사를 보는 바른눈을 키워보자.,900930
122008EM0000111143,9788994898247,null,현대 아프리카의 역사,리처드 J. 리드,삼천리,2013,문명 교류와 이주, 인종과 인구 문제, 기후변화와 환경 문제를 복합적으로 다룬 현대 아프리카사! 21세기 지구촌의 정치, 경제, 사회, 문화를 균형 잡힌 시각의 세계관으로 제시하는 시리즈 「대륙과 문명의 세계사」 제1권 『현대 아프리카의 역사』. 인종과 민족, 국민국가의 경계를 뛰어넘는 대륙과 문명의 정체성을 세계사의 흐름 속에서 살펴본 아프리카 사람들의 역동적인 현대사를 소개한다. ,900930
122008EM0000111144,9788901051802,null,처음 읽는 아프리카의 역사,루츠 판 다이크,웅진지식하우스,2005,우리가 미처 알지 못한 아프리카의 이야기! 아프리카의 다채로운 역사를 있는 그대로 보여주는 책. 균형 잡힌 공정한 시각에서 아프리카의 모습을 서술하고 있다. 아프리카의 역사를 시간의 흐름에 따라 서술하면서 아프리카 사람의 말이나 인터뷰를 인용하여, 보다 쉽게 역사를 이해하고 보다 가깝게 아프리카를 느낄 수 있다. ,900930
122008EM0000111145,9788958624639,null,인디언 마을 공화국,여치헌,휴머니스트,2012,인디언은 국가를 만들지 못한 것일까, 아니면 안 만든 것일까? 「새로 쓰는 북아메리카 인디언의 역사」제1권『인디언 마을 공화국』. 유럽 이주민과 만난 이후부터 19세기 말까지 이어지는 북아메리카 인디언의 역사를 다룬 책이다. 인디언이 미합중국의 탄압으로 멸망했다고 이야기하는 다른 책과 달리, 인디언이 멸망하지 않았다는 시선에서 인디언이 이론상 연방 주권과 대등한 영향력을 지닌 부족 주권을 얻기까지의 역사를 들려준다. 특히 미국 정부가 인디언의 강제 이주를 한 이후 교육과 종교, 토지면에서 어떻게 미국화를 시도하였는지 자세히 들려준다. 또한 인디언이 국가를 만들지 않은 것은 사회로부터 분리된 권력의 탄생을 바라지 않았기 때문이라는 점에 주목하여, 국가보다 오래된 인디언 사회, 그 토착의 삶이 하나의 대안이 될 수 있음을 이야기한다.,900940
122008EM0000111146,9788980403264,null,황금가문비나무 ,존 베일런트,검둥소,2008,황금가문비나무 벌목 사건이라는 실화를 통해 북아메리카 벌목의 역사를 다룬 책. 2005년 캐나다 총독 문학상과 2006년 키리야마 상을 수상한 작품으로, 북아메리카의 장엄한 생태계와 파괴적 벌목 행위로 드러난 인간의 탐욕을 서술하고 있다. 1997년 캐나다 퀸샬럿제도에서 딱 한 그루 남은 300년 된 황금가문비나무가 베어진 사건을 추적하면서 하이다 원주민들과 유럽인의 충돌, 태평양 연안 야생지의 아름다움, 북아메리카 벌목 산업의 광기와 탐욕 등을 풀어낸다.,900940
122008EM0000111147,9788935663224,null,북아메리카 원주민 트릭스터 이야기,리처드 어도스 , 알폰소 오르티스,한길사,2014,북아메리카 지역의 트릭스터는 천의 얼굴을 가진 영웅이며 반인반수의 신성한 존재이고, 어릿광대와 문화영웅의 혼합이다. 『트릭스터 이야기』는 북아메리카 원주민의 문화를 연구한 리처드 어도스와 알폰소 오르티스가 함께 엮은 100여 편의 트릭스터 이야기를 담은 책이다. 영웅적이거나 비극적이거나 익살스럽거나 색정적이기도 한 이야기들을 따라가다보면 어느새 부족의 한 사람이 되어 북아메리카 원주민들의 사고체계와 세계관을 더불어 즐길 수 있게 될 것이다.,900940
122008EM0000111148,9791130418322,null,교육 강연집,마르틴 부버,지식을만드는지식,2014,『교육 강연집』은 교육학자로서 대표작 ≪나와 너(Ich und Du)≫로 잘 알려진 마르틴 부버의 교육에 관한 강연문을 소개한다. ‘대화교육학’을 탐구하고 실천하고자 하는 많은 교육학자와 교육 실천가들을 위한 필독서로 부버의 교육철학을 보다 깊이 연구하고 싶은 사람들, 교육학의 정수를 알고 싶은 대중들이 그동안 품어 온 아쉬움과 학문적 갈증을 달래 줄 선물이 될 것이다.,000040
122008EM0000111149,9788996583219,null,소나무 수필집,박희진,황금마루,2012,《연꽃 속의 부처님》, 《이승에서 영원을 사는 섬들》의 저자 수연 박희진의 저서 『소나무 수필집』. 소나무에 대한 좋은 점이나 특징 등을 이야기하며 소나무의 시선으로 세상을 바라본다. 동두천 왕방산의 거암과 묘송, 하동 축지리의 염암송, 장수군 장수리의 의암송, 선암사의 침굉송 등 다양한 시들로 소나무의 모습을 표현했다.,000040
122008EM0000111150,9788931005554,null,베이컨 수필집,프랜시스 베이컨,문예출판사,2007,17세기의 근대사상가 프랜시스 베이컨의 수필집. 인간과 자연과 세계를 향한 저자의 날카로운 관점이 드러나는 고전적인 산문집으로, 인간사의 관심과 고민을 진단하고 설명한다. 훌륭한 짜임새, 아름다운 문장 등으로 영문학의 대표적인 산문으로 불리고 있다.,000040
122008EM0000111151,9788974838249,null,자산어보,정약전, 이청,서해문집,2016,《자산어보》는 자산(흑산도의 별칭) 근해에 서식하는 어류를 비롯해 해조류까지, 거의 모든 해양생물(표제어로 명기한 종만 총 226종)을 담은 우리나라 역사상 최초의 수산학ㆍ해양생물학 백과사전이다. 당시까지 조선은 물론 중국에서도 거의 유례가 없는 방식으로, 바다의 모든 생물을 망라해 한곳에 수록한 셈이다. 《자산어보》의 서술 방식은, 먼저 해당 생물의 명칭을 표제어로 제시하고 그 뒤에 속명俗名, 크기, 형태, 색, 외형적 특징, 생태, 맛, 이용법, 어획 시기, 어획 방법, 용도, 섬사람의 경험담, 문헌 고증 등의 순서로 진행된다. 《자산어보》는 조선시대까지의 해양생물 연구서 중에서 가장 많은 종을 다루었을 뿐 아니라, 지식 정리도 매우 체계적이다.,000030
122008EM0000111152,9788956392660,null,상대적이며 절대적인 우리말 백과사전,이재운,책이있는마을,2016,사람들은 일상생활에서 숱한 언어를 쓰지만 그 뜻이 모호해서 머뭇거릴 때가 많다. 그렇다고 금세 알 수 있는 것도 아니다. 그럴 때 《상대적이며 절대적인 우리말 백과사전》은 이러한 의문에 명쾌하게 답한다. 이 책은 우리말의 수준을 한 단계 끌어올렸으며, 우리말 어휘를 바르고 정확하게 드러냄으로써 생명과 힘을 부여한 성과물이다. 이런 점에서 이 책이 ‘뜻도 모르고 자주 쓰는 우리말 시리즈’와 함께 우리말을 가다듬고, 키우고, 늘리고, 또렷하게 자리 잡는 데 도움을 주리라고 생각한다.,000030
122008EM0000111153,9788968173684,null,세계의 백과사전,강민구 , 한미경, 이혜민, 장경식, 김미성, 최경은, 정승화,한국문학사,2016,『세계의 백과사전』은 연세대학교 인문학연구원 HK문자연구사업단이 기획하고 주도한 공동연구의 성과물이다. 동과서의 백과사전의 출간 및 내용과 의의에 대한 역사적, 서지학적, 문화사회학적 탐구를 시도한다. 백과사전에 대한 연구는 문자 위에 세워놓은 인간 문명의 고리를 밝히는 매우 요긴한 작업이 될 수밖에 없다. 백과사전보다, 문자생활을 그 본질로 삼는 인간 ‘호모 리테라투스’(homo litteratus’)의 진면목을 더 잘 드러내주는 문화유산도 없을 것이기 때문이다.,000030
122008EM0000111154,9788976781352,null,문헌정보학 이론과 원칙,정동열, 김성진,한국도서관협회,2010,『문헌정보학 이론과 원칙』은 <이론학-이론과 실제->의 완전개정판이다. 이 책에서 분석한 주요 이론과 원칙은 문헌정보학 분야 연구의 기본 목적인 정보의 수집과 조직, 정리, 분석, 유통 및 이용 등과 관련이 있다. 주제영역별로 학부 및 대학원에서 핵심적으로 학습ㆍ연구되고 있는 80여 개의 이론과 원칙을 선별하여 분석하였으며, 이론과 원칙에 대한 내용분석은 관련 이론과 원칙의 기본개념, 주요 내용 및 활용 영역 등에 대하여 체계적으로 분석ㆍ정리하였다.,000020
122008EM0000111155,9788976783486,null,문헌정보학 총론 ,정동열, 조찬식,한국도서관협회,2016, 이 책은 문헌정보학에 대해 다룬 개론서입니다. 문헌정보학의 기초적이고 전반적인 내용을 학습할 수 있도록 구성했습니다.,000020
122008EM0000111156,9788992866507,null,문헌정보학 용어 사전 ,일본도서관정보학회,태일사,2011,이 책은 문헌정보학의 전문 용어를 수록하고 있는 편리한 용어 사전이다. 문헌정보학의 기초적인 개념, 문헌정보학 교육, 도서관 운영, 목록, 분류 및 주제명, 색인 및 정보 검색, 자료 및 미디어 각각에 관한 전문 용어, 나아가 문헌정보학에 관련된 인명과 단체명 등 합계 약 1,800항목을 수록했다.,000020
122008EM0000111157,9788946064331,null,서지학 개론,서지학개론 편찬위원회,한울,2018,기록의 역사와 함께 탄생한 최고(最古)의 학문 서지학, 멀티미디어 출판시대에 되돌아보는 서지학 완전 가이드 서지학은 문헌과 가시적, 가청적, 가독적인 기록된 자료를 대상으로 연구하는 학문이다. 본서는 이들 자료를 다각적으로 다루어 서지학 연구의 입문서가 되도록 편찬한 것이다. 사서가 문헌이나 자료에 대한 체계적인 지식 없이 봉사한다면 바람직한 봉사를 할 수 없다. 사서는 학문의 안내자로서의 역할을 함과 동시에 나아가 특정 제에 있어 전문가 수준의 권위자로서 그 분야를 해석하고 설명할 능력이 있어야 한다. 전문직으로서의 자질을 구비함에 있어 필수적인 내용을 일목요연하게 다루었다. 또한 주제 분야 연구에 있어 해당분야 서지에 대한 이해는 필수적이므로 각 주제 분야 연구에도 길잡이가 될 수 있게 편찬하였다.,000010
122008EM0000111158,9788937423840,null,한국 서지학,천혜봉,민음사,1997,한국 전적을 바탕으로 서지학의 정의와 범위 및 책의 기원과 종류 등을체계적으로 정리한 원로 서지학자의 저술.,000010
122008EM0000111159,9788976780645,null,서지학신론(문헌커뮤니케이션의 이론과 실제),이희재,한국도서관협회,2003,서지학의 기본 개념서로서 일본식의 용어에서 벗어나 프랑스의 방법론을 도입하여 서지학의 문제를 해결하고자 했다. 이번 개정판은 각 분야의 웹저널 형태의 대표적인 2,3차 문헌을 소개하고, 200년 판 고서의 목록 형식을 통해 MARC의 상세 필드의 태그 부여 및 더블린 코어의 설명과 예시를 제시하였다. 그리고 문헌학의 지류와 학제적 연구에 있어서의 보충과 보강을 하였다.,000010
122008EM0000111160,9788936433598,null,채식주의자,한강,창비,2007,한국인 최초 맨부커상 수상작가 한강의 새로운 시도! 한국인 최초 맨부커상 수상작 『채식주의자』. 1부《채식주의자》, 2005년 이상문학상 수상작인 2부 《몽고반점》, 그리고 3부《나무 불꽃》으로 구성되어 있다. 단아하고 시심 어린 문체와 밀도있는 구성력이라는 작가 특유의 개성이 고스란히 살아 있으면서도 상처 입은 영혼의 고통을 식물적인 상상력에 결합시켜 섬뜩한 아름다움의 미학을 완성했다는 평가를 받았다.,800810
122008EM0000111161,9788936433598,null,채식주의자,한강,창비,2007,한국인 최초 맨부커상 수상작가 한강의 새로운 시도! 한국인 최초 맨부커상 수상작 『채식주의자』. 1부《채식주의자》, 2005년 이상문학상 수상작인 2부 《몽고반점》, 그리고 3부《나무 불꽃》으로 구성되어 있다. 단아하고 시심 어린 문체와 밀도있는 구성력이라는 작가 특유의 개성이 고스란히 살아 있으면서도 상처 입은 영혼의 고통을 식물적인 상상력에 결합시켜 섬뜩한 아름다움의 미학을 완성했다는 평가를 받았다.,800810
122008EM0000111162,9788936433598,null,채식주의자,한강,창비,2007,한국인 최초 맨부커상 수상작가 한강의 새로운 시도! 한국인 최초 맨부커상 수상작 『채식주의자』. 1부《채식주의자》, 2005년 이상문학상 수상작인 2부 《몽고반점》, 그리고 3부《나무 불꽃》으로 구성되어 있다. 단아하고 시심 어린 문체와 밀도있는 구성력이라는 작가 특유의 개성이 고스란히 살아 있으면서도 상처 입은 영혼의 고통을 식물적인 상상력에 결합시켜 섬뜩한 아름다움의 미학을 완성했다는 평가를 받았다.,800810
122008EM0000111163,9788936434120,null,소년이 온다,한강,창비,2014,고통스럽게 되살려낸 5월 광주 한국인 최초 맨부커상 수상작가 한강의 여섯 번째 장편소설 『소년이 온다』. 1980년 5월 18일부터 열흘간 있었던 광주민주화운동 당시의 상황과 그 이후 남겨진 사람들의 이야기를 들려주는 소설이다. 2013년 11월부터 2014년 1월까지 창비문학블로그 ‘창문’에서 연재했던 작품으로 지금까지의 작품세계를 한 단계 끌어올렸다는 평가를 받았다. 철저한 고증과 취재를 통해 저자 특유의 정교하고도 밀도 있는 문장으로 계엄군에 맞서 싸우다 죽음을 맞게 된 중학생 동호와 주변 인물들의 고통 받는 내면을 생생하게 그려냈다.,800810
122008EM0000111164,9788954616515,null,희랍어 시간,한강,문학동네,2011,그 여자의 침묵과 그 남자의 빛! 한국인 최초 맨부커상 수상 작가 한강의 장편소설 『희랍어 시간』. 말을 잃어가는 한 여자의 침묵과 눈을 잃어가는 한 남자의 빛이 만나는 순간을 그리고 있다. 열일곱 살 겨울, 여자는 어떤 원인이나 전조 없이 말을 잃는다.,800810
122008EM0000111165,9788997092772,null,말의 품격,이기주,황소북스,2017,말과 사람과 품격에 대한 이야기 『말의 품격』은 《언어의 온도》로 많은 독자의 공감을 얻은 이기주 작가의 에세이집이다. 경청, 공감, 반응, 뒷말, 인향, 소음 등의 24개의 키워드를 통해 말과 사람과 품격에 대한 생각들을 풀어낸다. 저자의 인문학적 소양을 바탕과 감성이 더해져 볼거리와 생각거리를 동시에 전한다. 한 장 한 장 넘길 때마다 자신의 말과 세계관에 대해 끝없는 질문을 던지게 될 것이다.,800810
122008EM0000111166,9791158790721,null,사랑의 온도,하명희,북로드,2017,상처와 고독을 외면한 청춘들의 방황, 그리고 깨닫게 된 진정한 사랑! SBS 월화 드라마 《사랑의 온도》의 원작소설. SBS 드라마《따뜻한 말 한마디》, 《상류사회》, 《닥터스》의 하명희 작가가 쓴 첫 장편소설이다. 1990년대 중반을 배경으로, 구시대의 아이콘이지만 익명의 누군가와 관계를 갖는다는 점에서 오늘날을 사는 사람들에게도 전혀 낯설지 않은 PC통신이라는 익명의 공간에서 대화를 나누다 실명의 세계에서 만남을 가지면서 엇갈린 사랑과 운명을 맞닥뜨린 청춘의 이야기를 담고 있다.,800810
122008EM0000111167,9791185439662,null,공간의 온도,박정은,다온북스,2016,지친 마음을 위로해 줄 당신만의 따스한 ‘공간’들. 방 안에는 정리되지 않은 책들이 먼지와 함께 빼곡히 들어찬 책장이 있고, 거실로 나가면 쿠션이 푹 꺼진 낡은 소파가 있다. 밖으로 시선을 옮기면 옛 정취가 남아 있는 골목, 오후의 나른한 햇살이 좋은 공원, 유독 집중이 잘되는 자리가 있어 자주 찾게 되는 동네 작은 카페…. 우리 삶에 배경처럼 존재하는 공간들, 사실 이곳엔 많은 것들이 숨어 있다.,800810
122008EM0000111168,9791186907399,null,이해의 온도,조유라,베아트리체,2016,조유라의 장편소설 『이해의 온도』. 과거의 상처를 안고 살아가는 여자, 서이혜. 어느 날 달콤한 이웃 최원영을 만나다. 다신 누군가를 믿지 않겠다고 다짐한 그녀를 흔들리게 하는 남자. 단풍이 붉게 물들듯, 서이혜란 사람이 온통 최원영으로 물들고 있었다. 그의 말이 마음 속 깊은 곳까지 젖어들게 만들었다. 이해할 수 없어도, 이해하고 싶을 만큼. 당신, 나를 어디까지 이해해 줄 수 있나요?,800810
122008EM0000222221,9788955619317,null,수학의 언어로 세상을 본다면,오구리 히로시,바다출판사,2017,우리는 왜 수학을 알아야 하는가?『수학의 언어로 세상을 본다면』은 초끈이론 연구로 세계적 명성을 얻은 캘리포니아 공과대학 교수 오구리 히로시의 수학 해설서이다. 수학은 수천 년에 걸쳐 인간 지성의 정수가 담겨 있지만 지금은 가장 멀고 낯선 학문이 되었다. 저자는 자신의 딸이 수학의 묘미를 느끼길 바라는 마음으로 이 책을 썼다. 수학 교과서에 나오는 개념을 따라가며 수학자들의 흥미로운 역사와 이야기를 덧붙여 수학의 흥미를 불어 넣는다.,400410
122008EM0000222222,9788987527376,null,수학, 인문으로 수를 읽다,이광연,한국문학사,2014,인문학적 상상력과 수학적 사고가 융합된 스토리텔링 수학의 세계!『수학, 인문으로 수를 읽다』는 인문학적 사고를 기반으로, 실생활과 연계되어 있거나 다른 분야와 융합된 흥미로운 수학 원리를 일반인도 쉽게 이해할 수 있는 스토리텔링 방식으로 설명하고 있다. 새로운 교과과정과도 통하는 접근 방식으로 특히 중학교 수준의 수학 공부를 한 사람이면 이해할 수 있는 내용을 선별하여 수학에 다가가고자 하는 학생, 성인들에게 도움이 될 것이다.,400410
122008EM0000222223,9788936511401,null,수학으로 힐링하기,이수영,홍성사,2016,『수학으로 힐링하기』는 저자가 강의에서 학생들에게 전하며 나눈 경험을 토대로 엮은 책이다. 저자는 마음이 따뜻해지고, 고개가 끄덕여지고, 다시 해보겠다는 마음의 힘이 솟는다면, 그것이 바로 ‘수학을 배우는 목적’이라 이 책에서 말한다. 학과목 성적으로 학생의 많은 부분이 평가받는 시대에 이 책은 깊은 사랑과 배려로 청소년들에게 위로와 희망과 격려를 전하면서, 어떤 상황이든지 그 상황을 명확히 이해하고 문제의 핵심을 파악함으로써 합리적 해결책을 찾아가도록 이끌어 준다.,400410
122008EM0000222224,9788983718914,null,김상욱의 양자 공부,김상욱,사이언스북스,2017,『김상욱의 양자 공부』 저자가 《과학동아》에서 연재해 과학 독자들의 사랑을 한 몸에 받은 《양자 역학 좀 아는 척!》의 에피소드들을 취합하고 발전시켜 만든 역작이다. 어려운 개념을 정확한 정의와 유머러스한 비유를 통해 차근차근 이해시켜 나가는 방식으로 대중으로부터 압도적 신뢰를 받아 온 저자의 개성을 극적으로 살린 책이다. 또한 흥미와 호기심을 자극하는 가상 드라마 「양자 역학의 하루」를 통해 양자 역학의 진입 장벽을 과감히 허물었다. 100년에 걸친, 이해 불가능한 현상들을 설명하려는 물리학자들의 흥미진진한 이야기를 따라가다 보면 자연스레 양자적 사고 능력을 갖출 수 있다.,400420
122008EM0000222225,9788997379057,null,물리학자는 영화에서 과학을 본다,정재승,어크로스,2012,알고 보면 더 재미있는 영화 속 과학 이야기를 들려주는 『물리학자는 영화에서 과학을 본다』. 물리학자 정재승이 영화를 과학의 눈으로 들여다봄으로써 영화에 숨은 과학적 상상력을 밝혀내는 책이다. 투명인간의 삶이 생각만큼 재미있지 않은 과학적 이유, ‘생각하는 컴퓨터’가 인류를 지배할 가능성, 지적인 외계 생명체의 존재 등에 관하여 갖가지 영화 사례를 들어 설명한다. 우주여행의 실상을 설명하기도 하고 최면과 전생의 문제를 다루기도 한다. 과학적 상상력의 바탕 위에서 영화적 상상력을 구체화시킬 때 탄생하는 감동과 아름다움을 발견할 수 있을 것이다.,400420
122008EM0000222226,9788962621150,null,세상물정의 물리학,김범준,동아시아,2015,인문학적 상상과 발상을 과학을 통해 풀어가는 매력! 『세상물정의 물리학』은 ‘세상물정’과 동떨어져 연구실에만 갇혀있을 것 같은 물리학자가 보여주는 특이하다 못해 톡톡 튀는 관점과 방법, 글솜씨를 통해 풍성한 융합-통섭의 잔치에 초대한다. 1장은 한국 사회와 민주주의, 정의에 대한 물리학자의 ‘과학적인’ 의견 제시가, 2장은 복잡한 세상의 사건들에 대한 재미있는 ‘통계적’ 분석과 의미 발견이, 3장은 예술, 아름다움, 뇌, 체질량지수, 자연스러움에 대한 문학적 감성이 묻어나는 물리학자의 말들이 담겨있다.,400420
122008EM0000222227,9788965822417,null,세상을 바꾼 화학,원정현,리베르스쿨 ,2018,화학의 이론 변화를 알면 어렵던 주기율표가 한눈에 보인다! 과학사 교수이자 영재 교육 전문 교사가 알려 주는 화학의 역사! ‘과학’이라는 분야는 절대적이고 변하지 않는 진리를 품고 있는 것처럼 여겨진다. 하지만 학문은 다양한 이론이 등장하면서 변화하였다. 자연과학도 예외는 아니다. 과학 시간에 배우는 과학 개념은 많은 과학자가 세상을 이해하는 방식을 서로 논쟁하고 검증하는 과정을 거쳐 정리한 것이다.,400430
122008EM0000222228,9791186900024,null,부엌의 화학자,라파엘 오몽,더숲,2016,맛있는 화학 이야기! 새로운 음식을 말하다! 『부엌의 화학자』는 요리를 통해 화학을 배우고, 화학을 통해 최고의 요리 레시피를 만날 수 있는 책이다. 화학자가 실험실이 아닌 부엌으로 들어가듯, 요리사가 부엌에서 과학 지식을 활용하듯 자유롭게 분야를 넘나들며 새로운 가치를 일깨운다. 물리화학자만이 할 수 있는 과학 연구·실험에 연구 파트너인 티에리 막스의 최고급 레시피와 요리 실력이 더해져 시너지를 빚어낸 것. 맛의 감각과 먹는 즐거움에 있어 새 지평을 열어주며 황홀한 요리과학의 세계를 선보인다.,400430
122008EM0000222229,9788931516807,null,100주 공업화학,이인복,성안당,2015,체계적인 구성과 논리적인 해설로 단순한 암기식이 아닌 이론의 단계별 접근 방식으로 내용의 이해도를 높였으며, 이론의 응용력을 습득할 수 있어 효과적인 학습을 할 수 있도록 하였다. 최근 기출 문제 분석을 통하여 문제의 유형화와 그에 따른 요점 정리로 핵심 포인트를 꼼꼼히 짚어 주었으며, 유기, 무기, 고분자, 섬유, 환경 공업 분야 전문가의 노하우가 담긴 구성으로 수험생들의 학습 계획 및 능률적인 시간 활용을 할 수 있도록 하였다. ,400430
122008EM0000222230,9788968173226,null,단군신화는 천문학이다,전관사,한국문학사,2016,단군신화를 해석하는 것은 주몽신화보다 쉬울 수 있지만 단군신화에 담겨 있는 신화적 상징성은 쉽게 빗장을 풀기 어렵다는 저자는『단군신화는 천문학이다』를 통해서 그간의 연구 내용을 공개했다. 단군신화 속에 은하수의 흔적과 별들의 흔적을 발견하게 될 것이다.,400440
122008EM0000222231,9788962622133,null,우주의 측량,안상현,동아시아,2017,『우주의 측량』 〈천문학자 안상현이 그려낸 138억 년 우주의 역사〉는 고대 그리스의 천문학부터 현대 천체물리학까지 ‘우주의 측량’에 관한 인류의 역사와 과학적 방법을 한 권에 집약했다. 천문학은 행성과 별과 성운과 은하와 우주와 시공간이 무엇이며 어떻게 생겨났는지를 과학적으로 연구하는 학문이다. 사실, 넓은 우주에서 벌어지는 다양한 천체 현상을 연구하는 일은 그리 쉽지 않으며 한 권에 집약하는 것은 어림도 없는 일이다. 그래서 저자인 천문학자 안상현은 천문학의 기본이라고 할 수 있는 우주의 측량에 집중했다. 책은 우주를 측량하기 위해 필요한 기초 수학과 물리학 지식을 차근차근 소개한다. 아울러 그리스 자연철학자들의 연구에서부터 최신 현대 천체물리학에 이르기까지 우주 측량의 발달 과정도 함께 소개한다.,400440
122008EM0000222232,9788997918133,null,태양계 연대기,원종우,유리창,2014,지구와 그 주변의 잊혀진 역사를 찾아 떠나다! 태양계와 인문학이 우주적 상상력으로 결합한 교양도서『태양계 연대기』. 고고학 유물, 고대사 관련 도서, 고대 문학작품, 성서에 현대 천문학 연구 성과까지 섭렵한 저자는 BC. 1만 500년 이전 초고대에 지금 인류의 문명보다 훨씬 발전한 초고등문명이 있었다는 가설을 세웠다. 문명만이 아니라 태양계의 지구, 화성, 그리고 지금은 사라지고 없는 행성 등이 거대한 우주 제국을 이루고 있었다는 것. 이 책은 BC. 1만 500년, 지구와 화성, 행성Z에서 무슨 일이 일어났는지를 살펴본다. 지구와 태양계 행성의 고대사를 재구성하여 인문과 자연이 결합한 색다른 우주적 판타지를 만나볼 수 있다.,400440
122008EM0000222233,9788973164592,null,한의학 입문자를 위한 한의학 용어,백진웅,부산대학교출판부,2014,이 책의 주요 목적은 한의학 전공 용어의 의미를 세밀히 설명하는 것이 아니다. 간략한 의미 이해와 함께 한자어인 전공 용어를 읽고 쓰는 능력을 키움으로써 입문자로 하여금 한의학 학습의 기초를 갖추게 하는 것이다. 연번’, ‘용어 명칭’, ‘용어 해설’, ‘구성 한자 해설’의 순으로 구성하였다. 용어 해설은 직역에 가깝게 최대한 간략하게 하였다.,500510
122008EM0000222234,9791196236212,null,내 몸 습관,황윤권,에이미하우스,2018,똑똑하고 현명하게 스스로 병을 고쳐나가는 방법! 어린 아이부터 노인에 이르기까지, 현대인에게 점점 더 많아지는 온갖 통증들. 그런데 우리는 그 통증에 대해서 얼마나 알고 있을까? 어떤 병은 의사가 다 알아서 고쳐줄 수 있지만, 어떤 병은 환자 스스로가 아픈 이유와 아픈 곳을 잘 알아야만 고칠 수 있다. 정형외과 전문의 황윤권 원장은 『내 몸 습관』에서 온갖 통증 질환을 스스로 알고 대처할 수 있도록 지혜롭게 나의 병을 다루는 방법을 소개한다. ,500510
122008EM0000222235,9791186269930,null,이것이 헬스케어 빅데이터이다,한현욱,클라우드나인,2018,『이것이 헬스케어 빅데이터이다』는 4차 산업혁명 기술의 융합 결정판인 ‘헬스케어 빅데이터’의 신세계를 일반인들도 이해할 수 있도록 소개한다. 사실 의료는 방대하고 전문성이 높은 분야이다. 빅데이터의 바탕이 되는 컴퓨터공학 또한 복잡한 분야이고 헬스케어 빅데이터를 구성하는 유전체 정보나 라이프로그까지 합치면 정말로 방대한 분야에 대한 이해가 필요하다. 서로 다른 이 모든 분야를 온전히 섭렵하기는 쉽지 않다. 마침 의사이자 공학자인 저자가 이처럼 의학, 생명과학, 정보학의 얽히고설킨 복잡한 영역을 이야기보따리를 풀어가듯 친절하게 소개해준다. 현시점에서 최근 관심이 급증하고 있는 헬스케어 빅데이터와 친숙해지기 위한 안내서이다.,500510
122008EM0000222236,9788971398128,null,귀농 길잡이,전국귀농운동본부,소나무,2006,귀농 안내서. 이 책은 귀농자 23명의 경험담을 모아 엮은 것으로 귀농 운동 10년의 역사를 쉽게 이해할 수 있게 정리해두었다. 야무지게 땅 고르는 법과 시골 대안학교 선택 시 고려해야 할 점, 살림살이 정보와 다양한 유기농 사례와 노하우를 담고 있다.,500520
122008EM0000222237,9791185057460,null,제3의 농업혁명,송진의,기역,2017,이 책은 제3의 농업혁명에 대해 다룬 도서입니다. 제3의 농업혁명의 기초적이고 전반적인 내용을 확인할 수 있도록 구성했습니다.,500520
122008EM0000222238,9788990090904,null,논과 마을을 살리는 오리농업,홍순명,그물코,2014,『논과 마을을 살리는 오리농업』은 실제로 오리 농업을 하는 농민들이 무엇을 어려워하고 궁금해 하는지 농민들로부터 받은 질문을 모아 쉽고 친절하게 답변하고 있다. 그리고 오리 농업이 단지 기술로서의 농법이 아니라 생명을 살리는 문화로서 지역을 더욱 풍요롭게 만들 수 있는 아홉 가지 제언을 담고 있다.,500520
122008EM0000222239,9788952227294,null,공학이란 무엇인가,성풍현,살림,2013,스스로 인류의 미래를 개척하고 싶다면 공학의 문을 두드려라! 카이스트 교수들이 이야기하는 공학의 현재와 미래『공학이란 무엇인가』. 공학을 전공하고자 하는 미래 공과 학생들과 공학이 어떤 학문인지 궁금해 하는 이들을 위한 책으로 19명의 카이스트 교수들이 들려주는 이야기를 담았다. 기계공학, 화학공학, 신소재공학 등 비교적 오래된 학문과 원자력공학, 항공우주공학, 지식서비스공학, 생명화학공학 등 최근에 각광을 받는 새로운 공학까지 14가지 다양한 공학 분야를 소개한다.,500530
122008EM0000222240,9788946043930,null,과학기술과 사회의 접점을 찾아서,송성수,한울아카데미 ,2011,『과학기술과 사회의 접점을 찾아서』 과학기술에 대한 인문학적ㆍ사회과학적 접근을 통칭하는 과학기술학의 주요 주제를 다룬다. 다양한 분야의 논의를 포괄한다. 이 책은 이러한 논의를 한국 사회의 현실 속에서 풀어내며, 이를 통해 오늘날 과학기술의 의미와 발전 방향을 새롭게 정의한다.,500530
122008EM0000222241,9788998338701,null,공학설계입문,전준철,카오스북,2016,이 책은 공학설계를 다룬 이론서입니다. 공학설계의 기초적이고 전반적인 내용을 학습할 수 있도록 구성했습니다.,500530
122008EM0000222242,9791188679003,null,박철수의 거주 박물지,박철수,집,2017,우리 주거문화의 거의 모든 것에 대한 이야기 《박철수의 거주 박물지》는 우리 주거문화의 거의 모든 것을 담았다. 장독대, 더스트 슈트, 곤돌라처럼 흔적만 남은 주거공간의 사소한 부분을 들여다보기도 하고 상가주택, 불란서식 2층, 맨션아파트처럼 주거 유형의 변천사와 단지 공화국, 국토건설단, 서울 요새화 계획처럼 법령과 제도에 의해 형성된 거주문화 등 오랜 시간 관심 두고 연구한 연구자가 아니라면 놓치거나 너무 광범위해 이야기하기 어려운 주제들을 이야기한다.,500540
122008EM0000222243,9788966030187,null,목조주택 설계&시공 디테일,성경일,주택문화사,2014,[목조주택 설계&시공 디테일]은 그동안 전국 각지의 목조주택 현장을 누볐다. 이론과 실제의 조합을 주경야독하면서 착실하게 쌓은 내공을 이번 책에 오롯이 담았다. 단독주택에 초점을 맞춘 목조주택의 설계와 시공의 전반적인 가이드를 자세한 3D 도해와 함께 설명한다. 기초와 바닥 및 벽체, 지붕골조, 바닥과 온수난방, 마감에 이르기까지 일련의 설계와 시공과정을 IRC, IBC, KBC 등 공인된 규정과 법규에 근거해 신뢰성을 확보하고 있다.,500540
122008EM0000222244,9788971994511,null,한옥 짓는 법,김종남,돌베개,2011,한옥 시공 전 과정을 총 망라하다! 한옥시공 길라잡이『한옥 짓는 법』. 성균관대학교 건축공학과를 졸업하고, 현재 문화재보수기술자로 활동 중인 저자 김종남이 10여 년간의 경험을 바탕으로 한옥시공의 전 공정을 실물 사진자료 및 도면과 함께 정리하였다. 전통건축의 기초법부터 목구조물로서의 한옥, 지붕곡선의 비밀 등 한옥이 어떠한 건축 원리에 기반 하여 어떻게 지어지고 있는지 분석하고, 전통건축의 구조적 원리를 체계적으로 살펴본다. 이를 통해 한옥 짓는 방법을 시공 전 과정을 통해 생생하게 담아냈다. 더불어 한옥 구조를 다른 건축 구조와 비교·대조하여, 그 특징과 차별성을 부각시켜 전통건축의 원리를 설명한다.,500540
122008EM0000222245,9791187525592,null,흙집에 관한 거의 모든 것,황혜주,행성B,2017,#흙 #흙집 #한국흙건축학교 #흙집 짓기 흙부터 흙집 완성까지 기초부터 탄탄히 다져 주는 흙집 짓기의 정석! 흙은 우리에게 많은 생각을 불러일으키는 건축 재료이다. 그런 점에서 흙으로 집을 지어 살아간다는 것은 우리가 미처 알지 못했던 것들과 알고도 하지 못했던 일들을 다시 돌아보게 해 주는 일이다. 이 책은 흙과 흙집에 대한 편견을 걷어내고, ‘나의 흙집 짓기’가 지구 환경을 지키는 실천이 된다는 사실을 알려 준다.,600610
122008EM0000222246,9788998690281,null,변덕주의자들의 도시,오기사,페이퍼스토리,2017,그림 그리는 건축가 오기사, 콘크리트로 그림을 그리다 그림 그리는 건축가 오기사, 콘크리트로 그림을 그리다 건축설계를 전공한 작가 오영욱이 지난 20년 동안 만난, 세상을 바꿔온 위대한 생각들과 그것들을 자신의 것으로 만들어보고자 했던 여정의 기록. 부제 ‘흔들리는 마음에 대처하는 건축적 자세’에서 알 수 있듯이 이 책은 수없이 많은 흔들림과 변덕, 좌절 속에서 자신만의 꿈과 답을 찾아가는 과정을 담고 있다. 이집트 고대 건축에서부터 한국의 사찰과 아파트에 이르기까지, 또 르 코르뷔지에 등 세상을 바꾼 위대한 건축 거장들의 작품 세계를 오영욱의 시선으로 탐색하고, 그것을 자신의 작업에 투영하여 더 나은 무언가를 창조하고자 노력했던 과정이 고스란히 담겼다. 건축가는 도시를 어떻게 바라보며 어떤 풍경에서 영감을 발견하고 그것을 현실로 구현하는지, 그 변덕스러운 사유의 과정을 엿볼 수 있는 것도 흥미롭다. ,600610
122008EM0000222247,9788974835910,null,구본준의 마음을 품은 집,구본준,서해문집 ,2013,당신의 집은 어떤 이야기를 들려주던가요? 건축, 그리고 미술과 디자인에 대한 이야기를 블로그(HTTP://BLOG.HANI.CO.KR/BONBON)에 차곡차곡 쌓아가며 건축을 대중에게 알리는 한겨레 건축 전문 기자 구본준의 『마음을 품은 집』. 시대와 나라, 그리고 스타일이 다르지만 시공간을 초월하여 우리 모습 자체에 대한 이야기를 품은 다양한 집을 소개하고 있다.,600610
122008EM0000222248,9788963473482,null,한국 마애불의 조형성,이성도,진인진,2017,『한국 마애불의 조형성』 은 모두 6편의 논문으로 구성되었다. 서론에서는 우리나라 미술사에 있어서 불교 미술이 차지하고 있는 위치에 대한 전반적인 배경을 바탕으로 불교와 불교조각의 관계 특히 마애불이라고 하는 독특한 형식이 가지는 의미에 대한 개론을 제시하고 있다. 마애불의 ‘조형성’을 강조한 저자의 기본적인 입장에 대한 설명과 더불어 이번 논문집의 문제의식의 범위와 한계를 명시하였다.,600620
122008EM0000222249,9788994781143,null,고려 석불의 조형과 정신,김진숙,참글세상,2013,『고려 석불의 조형과 정신』는 고려 석불의 현장답사를 통해 고려 석불이 조성되기까지의 역사적 배경과 미술사적 관점을 소개하고 있는 책이다. 불교가 삼국시대에 전래되는 과정과 기존의 토착 신앙과의 습합 과정을 살피고있는 불교신앙과 재래 신앙, 삼국과 통일신라시대의 불교조각, 고려시대의 불교 조각을 수록하였다.,600620
122008EM0000222250,9788936902735,null,조각 감상법,조은정,대원사,2013,시대를 반영하는 조각 감상법! 『빛깔 있는 책들』시리즈《조각 감상법》. 이 책은 조각이 지니고 있는 힘과 문명이 발달하면서 재료의 다양화로 표현되는 조각의 재질성 등 조각의 무한한 가능성을 보여주고 있다. 또한 시대와 얽혀 있는 조각과 정치의 관계, 조각으로 나타난 장인의 일면을 다루고 있다.,600620
122008EM0000222251,9788991847200,null,금속공예 기법,전용일,미술문화,2006,입문에서 작품까지 금속공예의 기법을 살펴보는 책. 금속공예가인 저자는 기초에서 응용에 이르는 다양한 기법을 체계적으로 분류하여 각 기법을 설명하고 있다. 특히 서로 분리할 수 없는 세공과 대공 분야를 모두 포함시켜 설명함으로써 금속공예, 주얼리 디자인에 입문한 초보뿐만 아니라 전문가들의 작품제작에 실제적인 도움을 준다. ,600630
122008EM0000222252,9788982512292,null,유아창작공예,문순애,동문사,2005,유아창작공예의 이론과 실제활동을 소개하는 교재. 유아교육현장에서 유아창작공예를 지도하는 교사와 대학에서 유아교육, 아동학 관련 분야를 전공하는 학생들에게 도움을 준다. 제1부는 이론편으로 창작공예활동의 정의, 교육적 의의, 발달단계, 교사의 역할, 기본설비, 재료 및 도구 등을 다루었다. 제2부는 활동편으로 생활주제별 활동과 도형별 활동을 소개하였다.,600630
122008EM0000222253,9788972233480,null,실전 가죽 공예,홍정기,청솔,2013,『실전 가죽 공예』는 가죽 공예에 관한 모든 내용을 담은 가죽 공예 종합서이다. 저자가 수년 간 가죽 공방을 운영하며 얻은 노하우를 알기 쉽게 풀어 써서 가죽 공예를 입문자도 쉽게 따라 배울 수 있다. 공방 수업 과정을 그대로 책 속에 사진과 설명으로 담았으며, 전문가 과정 및 창업 과정을 위한 작품들도 실어 실제적 도움을 주고자 배려했다.,600630
122008EM0000222254,9788973639595,null,체계적 한글서예 교본,한양근,우람,2009,우리가 배우고자 하는 한글의 글씨체는 이조 때부터 궁중에서 써 왔던 글씨체로, 흔히 궁체라고 합니다. 궁체는 획의 연결성이 유연하고 쓰기도 편리하며, 또한 빠르게 쓸 수 있도록 과학적으로 되어 있다고 할 수 있습니다. 특히, 써 놓은 글씨의 아름다움이야말로 다른 나라 사람들은 맛볼 수 없는 우리 조상들의 보배로운 유산인 것입니다.,600640
122008EM0000222255,9788962880069,null,생활속의 서예문화,조수현,동남풍,2009,원광대학교 서예학과 교수 조수현의 『생활속의 서예문화』. 서예를 쉽게 이해하고 접할 수 있도록 구성했다. 서예에 관심이 있는 대학생부터 일반인까지를 대상으로 삼았다.,600640
122008EM0000222256,9791195585526,null,내 마음의 표헌 캘리그라피 ,박민순,한국평생교육원,2016,『내 마음의 표헌 캘리그라피』의 저자는 선, 중봉, 필이 무엇인지 모른 채 많은 사람이 붓을 움직이며 캘리그라피를 공부하고 있어 안타까운 마음에 직접 이 책을 저술하게 되었다고 말한다. 저자는 ‘언어와 글씨가 만나는 캘리그라피는 보는 사람으로 하여금 편안함과 감성을 이끌어낼 수 있어야 한다.’고 강조한다. 정통서예를 기본으로 글씨 쓰는 법, 창작에 이르기까지 필자가 아는 대로 모았다. 우리말과 글을 사랑하며 캘리그라피를 배우는 모든 이들에게 유익한 지침서가 되어 줄 것이다.,600640
122008EM0000222257,9788950973476,null,코끼리의 마음,톤 텔레헨,아르테,2018,끊임없이 나무에 오르는 대책 없이 무모한 코끼리의 마음은 어떤 걸까? 《고슴도치의 소원》에 이은 톤 텔레헨의 두 번째 작품 『코끼리의 마음』. 매일 나무에 오르고 떨어지는 코끼리를 통해 각자 다른 삶의 방식과 태도에 대해 이야기하는 동화 소설이다. 여기 조금 특이한 코끼리가 있다. 매일 떨어져 다치고 후회하면서도 매일 다른 나무에 오르는 것만이 유일하게 하고 싶은 일인 코끼리. 좀 더 바란다면, 나무 꼭대기에서 먼 곳을 바라보고, 춤을 추는 것이다. 다른 동물들은 매일 말리고, 연민의 눈길을 보내도 계속해서 나무에 오르는 코끼리를 이해하지 못한다. 그러던 어느 날, 코끼리는 동물들에게 질문을 던진다. “네가 나라면 나무에 계속 오를까? 나무에 잘 오르지도 못하고, 결국 떨어져 아플 걸 알면서도 말이야.” 그러자 동물들은 자신이 코끼리가 된 상상을 늘어놓는다. “내가 만약 코끼리라면…….” 동물들의 이야기를 들은 코끼리는 자신의 작은 일기장에 자신이 누구인지, 왜 나무에 오르는지, 자신의 마음을 조심스럽게 적어 내려간다. “나는 깨닫고 싶지 않고, 맞서고 싶지 않고, 계산하고 싶지도 않아. 나는 그냥 코끼리이고, 그냥 나무에 오른다.” 그리고 덧붙인다. 나무에 오르는 건 누구나 할 수 있지만, 떨어지는 건 나만의 예술이라고.,800840
122008EM0000222258,9788950973476,null,코끼리의 마음,톤 텔레헨,아르테,2018,끊임없이 나무에 오르는 대책 없이 무모한 코끼리의 마음은 어떤 걸까? 《고슴도치의 소원》에 이은 톤 텔레헨의 두 번째 작품 『코끼리의 마음』. 매일 나무에 오르고 떨어지는 코끼리를 통해 각자 다른 삶의 방식과 태도에 대해 이야기하는 동화 소설이다. 여기 조금 특이한 코끼리가 있다. 매일 떨어져 다치고 후회하면서도 매일 다른 나무에 오르는 것만이 유일하게 하고 싶은 일인 코끼리. 좀 더 바란다면, 나무 꼭대기에서 먼 곳을 바라보고, 춤을 추는 것이다. 다른 동물들은 매일 말리고, 연민의 눈길을 보내도 계속해서 나무에 오르는 코끼리를 이해하지 못한다. 그러던 어느 날, 코끼리는 동물들에게 질문을 던진다. “네가 나라면 나무에 계속 오를까? 나무에 잘 오르지도 못하고, 결국 떨어져 아플 걸 알면서도 말이야.” 그러자 동물들은 자신이 코끼리가 된 상상을 늘어놓는다. “내가 만약 코끼리라면…….” 동물들의 이야기를 들은 코끼리는 자신의 작은 일기장에 자신이 누구인지, 왜 나무에 오르는지, 자신의 마음을 조심스럽게 적어 내려간다. “나는 깨닫고 싶지 않고, 맞서고 싶지 않고, 계산하고 싶지도 않아. 나는 그냥 코끼리이고, 그냥 나무에 오른다.” 그리고 덧붙인다. 나무에 오르는 건 누구나 할 수 있지만, 떨어지는 건 나만의 예술이라고.,800840
122008EM0000222259,9788962880069,null,생활속의 서예문화,조수현,동남풍,2009,원광대학교 서예학과 교수 조수현의 『생활속의 서예문화』. 서예를 쉽게 이해하고 접할 수 있도록 구성했다. 서예에 관심이 있는 대학생부터 일반인까지를 대상으로 삼았다.,600640
122008EM0000222260,9788962880069,null,생활속의 서예문화,조수현,동남풍,2009,원광대학교 서예학과 교수 조수현의 『생활속의 서예문화』. 서예를 쉽게 이해하고 접할 수 있도록 구성했다. 서예에 관심이 있는 대학생부터 일반인까지를 대상으로 삼았다.,600640
122008EM0000222261,9791156003434,null,최신 온도센서 기술동향,정용택,홍릉과학출판사,2015,이 책은 최신 온도센서 기술동향에 대해 다룬 개론서입니다. 최신 온도센서 기술동향과 판례의 기초적이고 전반적인 내용을 학습할 수 있습니다.,500530
122008EM0000333331,9788934980629,null,남아 있는 시간을 위하여,김형석,김영사,2018,“무엇을 위하여 어떻게 살아야 하는가” 
시대를 초월해 인간의 본질적 물음을 마주하게 하는 철학적 에세이 
저자가 가장 아끼는 김형석 산문의 에센스. 1959년 《고독이라는 병》, 1961년 《영원과 사랑의 대화》 이후, 철학 교수이자 에세이스트로 널리 사랑받아온 저자가 평생에 걸쳐 쓴 글들 가운데 알짬만 모았다. 젊은 시절부터 마음 한편에서 지울 수 없었던 고독, 먼 곳에 대한 그리움에서부터, 인연, 이별, 소유, 종교, 나이 듦과 죽음, 그래도 희망을 품고 오늘을 애써 살아야 하는 이유까지, 그의 ‘삶의 철학’ 전반을 엿볼 수 있다. 개와 고양이와 어린 자녀들이 등장하는 사랑스러운 일화, 함께 수학했던 시인 윤동주 형에 대한 기억, ‘철학 교수’라고 좀 별난 사람 취급을 받곤 하는 처지에 얽힌 일상의 가벼운 이야기도 위트 있게 풀어낸다.,100110
122008EM0000333332,9788960514799,null,어떻게 죽을 것인가,아툴 가완디,부키,2015,아름다운 죽음은 없다, 그러나 인간다운 죽음은 있다!
의학과 공중 보건의 발전으로 평균 수명이 대폭 늘어났다고 하지만, 생명이 있는 것들은 모두 언젠가 죽는다. 인간의 어떤 시도에도 불구하고, 종국에는 죽음이 모든 것을 이긴다. 『어떻게 죽을 것인가』의 저자 아툴 가완디의 문제의식은 바로 그 지점에서 시작된다. 우리가 언젠가는 반드시 죽을 수밖에 없는 존재라면, 죽어갈 때 취할 수 있는 선택지는 무엇이 있을까? ,100110
122008EM0000333333,9788956025797,null,게으름에 대한 찬양,버트런드 러셀,사회평론,2005,현대인들에게 "행복해지려면 게을러지라"는 처방을 내리는 버트런트 러셀의 저서. 산업사회가 낳은 인간이 노동으로부터의 소회를 통렬하게 비판하며, 열심히 일해야 한다는 사회적 통념과 달리 인간의 진정한 자유와 주체성 확립을 위해서는 오히려 여가가 필요하다고 주장한다.,100110
122008EM0000333334,9788971998014,null,국가란 무엇인가(개정신판),유시민,돌베개,2017,유시민이 새로 고쳐 쓴 2017년판 국가론
2011년 한 정당의 대표였던 유시민은 정의롭고 바람직한 국가가 무엇인지 모색하는 과정에서 『국가란 무엇인가』를 출간한 바 있다. 자신의 정치적인 입장을 가감 없이 드러낸 책이었기에 시간이 지나면 낡은 이론이 될 줄 알았다. 그런데 꾸준히 찾는 독자들이 있었고 새로운 사례들을 추가해 개정판을 내달라는 독자들도 적지 않았다. 지난 해 시민들의 개탄과 분노 속에 함께 있던 유시민은 더 이상 개정 작업을 지체할 수 없다는 생각이 들었다. 국가를 보는 여러 가지 입장이 있음을 좀 더 설득력 있게 전달하고, 국가에 대한 이해와 관심이 얼마나 중요한지 다시 한 번 이야기해보고 싶었다.,100130
122008EM0000333335,9791160560114,null,처음 읽는 서양 철학사,안광복,어크로스,2017,『처음 읽는 서양 철학사』는 서양의 대표 철학자 40명의 생애를 살펴보며 사상의 흐름과 철학의 핵심 개념을 쉽게 이해하도록 도와주는 철학 입문서다. 조국 아테네의 부패한 현실을 바꾸고자 했던 플라톤의 ‘철인 통치론’에서 니체의 남성 콤플렉스가 낳은 ‘초인 사상’까지, 하나의 사상이 어떻게 탄생해 그 뿌리를 내렸는지 살펴본다. 때로는 괴짜 같고 때로는 친구 같은 철학자들의 이야기를 한 편 한 편 즐기다 보면, 골치 아프던 철학용어들이 친근하게 다가올 것이다. ,100130
122008EM0000333336,9791188248124,null,우리는 언젠가 만난다,채사장,웨일북,2017,인생 전체에 흩뿌려진 모든 것은 내 안에서 언젠가 만난다!
《지대넓얕》, 《시민의 교양》을 통해 세계를 하나의 구조로 꿰어 쉽게 설명하는 실전 인문학을 선보이고 《열한 계단》에서 자아를 이루는 지식의 단계를 풀어낸 성장 인문학을 선보였던 채사장이 이번에는 세계와 나의 관계에 대해 말한다. 『우리는 언젠가 만난다』에서 저자는 생의 유한함 속에 흩뿌려진 관계들이 어떻게 우리 안에서 만나 빛나는 별을 이루는지 안내한다.,100130
122008EM0000333337,9788997970384,null,논어집주(최신판),성백효,한국인문고전연구소,2017,자습과 강독을 위한 2018 최신판 논어집주
이 책은 학생들의 자습과 강독을 위해 만들었다. 2013년 출간된 《부안설 論語集註》에서 ‘按說’을 삭제하여 페이지 수를 줄이되 꼭 필요하다고 생각되거나 諺解와 관계되는 것은 일부 譯註로 처리하였으며, 譯註와 字義를 옛 책에 비하여 크게 보완하였다. 
원문과 번역문이 좀 더 잘 보이도록 폰트를 조절하고 불필요한 편집 디자인적 요소를 없애 좀 더 간결하게 편집하고자 하였다.,100140
122008EM0000333338,9788997970391,null,맹자집주(최신판),성백효,한국인문고전연구소,2017,자습과 강독을 위한 2018 최신판 맹자집주
이 책은 학생들의 자습과 강독을 위해 만들었다. 2014년 출간된 《부안설 孟子集註》에서 부피를 줄이기 위해 ‘按說’과 ‘譯註’를 일부 삭제하였으나 독자들의 참고를 위해 최대한 남겨두었다. 集註의 懸吐에는 다행히도 艮齋 田愚先生이 손수 懸吐한 手澤本이 있어서 參考가 되었으며, 經義解釋에도 상당한 도움을 받았다. 다만 體制의 통일성과 句讀의 基本法則을 최대한 살리려는 의도하에 一部 修正한 곳이 없지 않으며, 또한 최근에 입수된 楊伯峻의 《孟子譯註》를 참고했음을 밝혀둔다. 
원문과 번역문이 좀 더 잘 보이도록 폰트를 조절하고 불필요한 편집 디자인적 요소를 없애 좀 더 간결하게 편집하고자 하였다.,100140
122008EM0000333339,9788997970407,null,대학중용집주(최신판),성백효,한국인문고전연구소,2017,자습과 강독을 위한 2018 최신판 대학중용집주
이 책은 학생들의 자습과 강독을 위주로 하였다. 2016년 출간된 《부안설 大學中庸集註》에서 ‘按說’을 삭제하여 페이지 수를 줄이되 꼭 필요하다고 생각되거나 諺解와 관계되는 것은 일부 譯註로 처리하였으며, 譯註와 字義를 옛 책에 비하여 크게 보완하였다. 또한 독자들의 참고를 위해 栗谷의 《大學?中庸諺解》와 艮齋(田愚)의 《中庸諺解》를 뒤에 붙였다. 
원문과 번역문이 좀 더 잘 보이도록 폰트를 조절하고 불필요한 편집 디자인적 요소를 없애 좀 더 간결하게 편집하고자 하였다.,100140
122008EM0000333340,9788935704118,null,안달루시아의 현자,라스 뮬,정신세계사,2017,이 책은 절망에 빠져 신음하던 한 퇴물가수가 보이지 않는 차원을 넘나드는 현자를 만나 기적 같은 치유와 영적 깨달음으로 나아가는, 실화여서 더욱 경이로운 자전적 구도기이다.,200210
122008EM0000333341,9791185677255,null,시대의 징조를 분별하라,박광서,누가,2018,최근 접하게 되는 낯선 용어들이 있다. “성혁명, 성정치, 족자카르타 원리(YPs), 성주류화(GM), 성적지향(SO), 동성애, 젠더, 성소수자, 낙태, 혐오, 인권, 자유, 평등, 연대, 사회구성체론, 좌파, 우파, 이데올로기, 구조주의, 비판이론, 헤게모니, 진지전, 기동전, 차별금지법, 생활동반자법, 시민결합법, 동성혼 합법화...” 이런 질문들에 대한 답이 이 책에 담겨 있다. 저자는 어려운 내용들을 쉽고도 간결한 문체로 명쾌하게 설명해주고 있다. 독자들은 이 책을 읽어가는 동안 그동안 우리가 누려온 자유민주주의 체제가 얼마나 소중한지 깨닫게 될 것이며, 우리의 후손들에게 무엇을 남겨주어야 할지를 다짐하게 될 것이다. 지혜로운 국민은 역사를 통해 교훈을 얻고 오류를 반복하지 않는다. 그런 점에서 이 책은 추천자들이 하나같이 언급하듯이 시대를 분별하게 해 주는 교과서 같은 책이다. 누구나 반드시 읽어야 할 책이다.,200210
122008EM0000333342,9788920018046,null,이야기 세계종교,이길용,지식의날개,2015,종교적 진리논쟁에서 허우적거리는 현대인을 위한 명쾌한 세계종교 해설서
이 세상에는 실로 다양한 종교가 존재하고, 모든 종교는 인간의 사상과 생활방식을 지배할 만큼 위대한 힘을 가지고 있다. 종교 때문에 인류는 수천, 수만 년간 전쟁을 해 왔고, 아직도 종교가 다르다거나 경전의 해석에 차이가 있다는 이유로 서로를 비난하고 헐뜯기까지 한다. 도대체 언제까지 이 지긋지긋한 싸움을 이어 가야 하는가?,200210
122008EM0000333343,9788984314207,null,스님의 주례사,법륜,휴,2010,행복한 결혼생활을 꿈꾸는 모든 사람을 위해!
이웃과 세상에 보탬이 되는 보살의 삶을 서원하면서 "정토회"를 설립한 법륜 스님의 『스님의 주례사』. 인간성 상실이 일탈을 넘어서는 현대인을 위해 "즉문즉설(卽問卽說)"로 대안적 삶을 이야기해온 저자가, 행복한 결혼을 꿈꾸는 사람들에게 축복 같은 조언을 쏟아내고 있다. 결혼생활뿐 아니라, 사랑과 연애를 위한 지혜를 얻게 된다. 특히 아내와 남편이 서로를 속박하지 않으려면, 혼자 살아도 외롭지 않고, 같이 살아도 귀찮지 않을 때 결혼을 해야 함을 일깨우고 있다. 아울러 상대에게 베풀어주겠다는 마음이 아닌, 덕을 보겠다는 마음을 품고서 결혼을 선택한다면 불행까지 얻게 됨을 강조한다.,200220
122008EM0000333344,9788982640070,null,금강경 강해,김용옥,통나무,1999,우리시대 독창적 사상가이며 의사인 도올 김용옥의 금강경 강해서. 대승불교의 성전으로 알려진 <금강경>을 쉬운 우리말로 풀이했다. 제 1분 법회의 말미암음부터 대승의 바른 종지,경을 외우는 공덕, 모든 법계를 다 교화하시오 등 제 32분까지를 엮었다.,200220
122008EM0000333345,9788985961851,null,지금 여기 깨어있기,법륜,정토출판,2014,선사들의 깨달음을 넘어 나의 깨달음으로
2014년, 세계 100회 즉문즉설 강연을 통해 전 세계로 직접 찾아가 사람들의 인생 고민을 만난 법륜 스님이 이번에는 자신의 인생에 큰 전환점이 되었던 깨달음의 순간을 생생하게 들려준다. 『지금 여기, 깨어있기』는 참자유, 참행복을 찾으려면 삶 속에서 스스로를 돌아보고 깨쳐야 한다는 부처님의 근본 가르침을 선사들과 이웃들, 법륜 스님의 수행담을 통해 친근하게 전해주고 있다.,200220
122008EM0000333346,9791158861261,null,교회해체와 젠더 이데올로기,이정훈,킹덤북스,2018,이정훈 교수는 보기 드문 창조적 소수 중의 소수다. 그는 날선 이성의 검을 가지고 이 시대 교회를 해체시키려고 하는 젠더 이데올로기의 실체와 음모, 전략을 낱낱이 해부한다. 좌우사상을 관통하는 깊고 폭넓은 지식과 통찰, 직관을 가지고 머리가 아닌 몸으로 부딪치고 박살나고 깨지면서 체득한 광야의 영성, 그 모든 사상과 투혼의 영성을 집약하여 『교회 해체와 젠더 이데올로기』를 출간하였다.,200230
122008EM0000333347,9788953120501,null,팀 켈러, 결혼을 말하다,팀 켈러,두란노서원,2014,팀 켈러의 균형 잡힌 성경적 결혼관으로 결혼 생활에 출구를 찾다
팀 켈러는 성경을 지침으로 삼고, 서른일곱 해 동안 함께 결혼 생활을 한 아내, 캐시 켈러의 예리한 해석을 덧붙이면서 하나님이 우리의 삶에 기쁨을 주기 위해 결혼 제도를 만드셨음을 보여 준다. 또한 남편과 아내는 더할 나위 없이 신비롭지만 그만큼 오해와 착각도 많은 관계임을 밝혀 준다. 하나님을 알고 더 깊이 사랑하고자 한다면, 성경의 가르침에 대한 명쾌한 해석과 결혼 생활을 성공적으로 이끌어가는 데 더없이 중요한 가르침들을 이 책을 통해 반드시 얻게 될 것이다.,200230
122008EM0000333348,9788977823532,null,결혼을 배우다,이요셉,토기장이,2016,주님께 묻고 순종하는 것만이, 답이다!
사진작가 이요셉이 전하는 "결혼"에 관한 메시지『결혼을 배우다』. ‘무책임한 남자친구의 끝판왕’이었던 저자 이요셉은 하나님이 이끄심을 따라 가정을 준비하며 많은 변화를 겪었다. 하나님은 사역과 작업에 몰두하며 살아가는 그를 멈춰 세워 결혼과 가정이 얼마나 소중한지를 말씀하셨고 그 시간들이 모여 한 권의 책이 되었다.,200230
122008EM0000333349,9788991425354,null,도교의 기원,김덕삼,시간의물레,2006,도와 도교, 그리고 이에 수반하는 이들의 문화를 정리하는『도교』제1권. 이 책에서는 도교의 기원을 살펴본다. 종교의 의미와 도교의 사상 연원에 대해서는「道敎文化槪說」에 나온 글을 번역하여 설명하고 있다. 그리고 도의 의미와 변천에 대해서는「道」에 나온 글을 번역하였고, 도교와 도가에 관계에 대해서는「走近中國精神」의 글을 번역하였다.,200240
122008EM0000333350,9788986167818,null,도교의 세계(철학 과학 그리고 종교),홈스 웰치,사회평론,2001,중국을 제외한 여러 나라 학자들의 중국도교사상 연구성과를 실었다. 위작논란의 대상인 <태평경> 문제를 상세히 다룬 <태평경의 이념>을 비롯하여 <2-7 세기간의 도교와 세속종교>, <도홍경의 연단술> 등의 글을 담았다. 부록으로는 프랑스, 영국, 일본 등의 중국도교 연구현황을 보고하고 있다.,200240
122008EM0000333351,9791188308088,null,부주파 도교 입문,정연섭,다크아트,2017,“도교 비전 부적과 주문의 모든 것!” 『부주파 도교 입문』. 부주파 도교는 밀종 도교라고 불리울 정도로 비밀리에 전승이 되어왔었다. 국내에서는 단정파 도교 일변도로 전승이 되었으나 실제 중국에서는 단정파는 속세의 비주류 도교이며 정식 도사라면 도교 제존과의 소통을 할 수 있어야 한다. 그렇기에 단순히 부적을 사용하는 것만이 아니라 도교의 정통 제식을 이해할 수 있도록 구성을 하였다. 이 서적이 부주파 도교에 입문하여 도사의 길을 가려는 이들에게 바른 길잡이가 될 수 있으리라 여긴다. 도교에 인연이 지어졌으나 국내에 많지 않은 자료들로 인해서 그 공부를 이어가기 어려웠던 분들에게 선한 인연으로 이어지기를 바란다.,200240
122008EM0000333352,9788959723546,null,인문학으로 풀어보는 통계학,한성안,청람,2013,인문학으로 풀어보는 『통계학』. 통계학의 의의와 한계를 더 명확하게 밝혀 줄 뿐 아니라 어려운 통계학을 이해하는데 도움을 준다. 지금까지 통계학 교과서에서 모호하게 처리되어 왔던 기초개념들에 대해서도 성실하게 설명한다. 시도하고 있는 인문학적 조명방식, 반복적 서술방식, 감성적 접근방식 등을 통해 통계학을 이해하도록 안내하고 있다.,300310
122008EM0000333353,9788955262742,null,통계학 이론,윤병창,북스힐,2005,통계학 입문서. 이 책에서는 통계학의 기본적인 이론과 가장 많이 사용되는 통계적 방법인 회귀분석과 상관분석까지 기본사항을 상세하게 설명하고 있다. 각 장 끝머리에 연습문제를 수록해 본문의 내용을 복습할 수 있도록 했다.,300310
122008EM0000333354,9788958533368,null,쉽게 이해하는 통계학,김흥규,학현사,2017,『쉽게 이해하는 통계학』은 통계학의 기초이론에 관하여 소개한 책이다. 이 책은 통계학을 구성하는 정의, 정리, 그리고 증명까지 다루고 있다. 이 과정에서 가능한 한 아주 기초적인 수학만을 이용하여 통계학의 기초개념을 쉽고 자세하게 설명한다. 이를 위해 적절한 예제를 함께 실었다. 각 장의 둣부분에는 응용을 위한 연습문제를 수록하여 이해를 도왔다.,300310
122008EM0000333355,9788937432231,null,지적자본론 모든 사람이 디자이너가 되는 미래,마스다 무네아키,민음사,2015,오직 디자이너만이 살아남을 수 있다!
지난 이십여 년 동안 버블 경제의 후유증을 앓아 온 일본은 고도의 자본주의 사회가 겪게 될 어두운 미래를 보여 주고 있다. 이러한 불경기 속에서, 홀로 가파른 성장세를 보이며 이목을 끄는 기업이 한 군데 있다. 심지어 그 기업은 IT나 미래 산업과는 거리가 먼 사업 영역에서, 어느 누구도 예상치 못한 성공을 이뤄 냈다. 바로 ‘츠타야서점’을 운영하는 ‘컬처 컨비니언스 클럽’(이하 CCC)이다. ,300320
122008EM0000333356,9788962605952,null,벌거벗은 통계학,찰스 윌런,책읽는수요일,2013,데이터를 꿰뚫어 보는 직관의 힘, 통계학!
『벌거벗은 통계학』은 미국의 경제경영 전문 사이트 ‘800-CEO-READ’가 선정한 최고의 경제서 100선에 이름을 올린 《벌거벗은 경제학》 저자 찰스 윌런의 10년 만의 신작이다. 통계의 중요한 개념을 보다 직관적이고 알기 쉽게 설명하는 이 책은 저자 특유의 통찰력과 통계적 도구들로 경제 흐름과 사회 현상을 분석한다. 야구 타율에서부터 대통령 선호도 조사에 이르기까지 다방면에 널리 이용되고 있는 통계 속 숫자의 의미를 해석하고, 데이터와 데이터 사이의 긴밀한 연관성을 찾아낸다.,300320
122008EM0000333357,9788965022817,null,만화로 아주 쉽게 배우는 통계학,고지마 히로유키,지상사,2018,어려운 수학 내용을 도표로 표현했다. 요즘 통계학에 대한 관심이 뜨겁다.
비즈니스에서 통계학은 필수 항목으로 자리를 잡았다. 그 배경에는 시장 동향을 과학적으로 판단하기 위해 비즈니스에 마케팅이라는 기법을 도입한 미국 기업들이 많다. 마케팅은 소비자의 선호를 파악하는 것이 가장 중요하다. 마케터는 통계학을 이용하여 시장조사를 하고 상품을 기획한 뒤 판매 전략을 세운다. 이는 통계학을 근거로 한 완전히 과학적인 기법이다.,300320
122008EM0000333358,9788962622096,null,이상한 정상가족,김희경,동아시아,2017,‘가족’이란 이름으로 아동의 인권은 어떻게 짓밟혀왔는가!
그동안 가족주의와 정상가족 이데올로기에 대한 비판은 여성주의적 입장에서 많이 제기되어왔지만 『이상한 정상가족』에서 저자는 가족 내에서 가장 취약한 사람인 아이를 중심에 두고 우리의 가족, 가족주의가 불러오는 세상의 문제들을 바라보고자 한다. 가부장제를 근간으로 한 한국의 가족주의와 특정한 가족 형태만을 정상으로 여기는 정상가족 이데올로기를 비판하면서 이러한 가족을 둘러싼 문제로 아이들 또한 고통 받고 있음을 차근하게 이야기한다.,300330
122008EM0000333359,9791195857906,null,우리에겐 언어가 필요하다,이민경,봄알람,2016,상처만 받는 대화 속, 나의 마음을 지켜줄 언어!
여성혐오가 연일 사회적 이슈가 되고, 여성 살해와 폭행에 대한 뉴스가 끊이질 않는다. 이런 가운데 공포감을 토로하는 여성들을 비난하며 “모든 남자를 잠재적 범죄자 취급해서 기분 나쁘다”고 말하는 남성들, “그렇게 흔한 일도 아닌데 유난스럽다”고 말하는 남성들에게 어떻게 대답하면 좋을까? 여성혐오에 대해 여자로서 어떻게 생각하느냐고 먼저 물어놓고는 “내 생각엔 성차별은 그렇게 심하지 않아” “내가 보기엔 그건 여성혐오가 아니야”라고 말하는 친구들은? 언제까지 갑갑하고 속상한 마음을 누르고 “응, 네 말도 맞지” 하며 적당히 양보해야 할까? ,300330
122008EM0000333360,9791195716937,null,나쁜 페미니스트,록산 게이,사이행성,2016,나는 페미니스트가 되지 않기보다는, 나쁜 페미니스트를 택하겠습니다.
퍼듀 대학 교수로 재직 중인 록산 게이는 페미니즘이 더 많은 연대를 이끌어내면서 조화로운 운동이 되기 위해서는 차이를 포용해야 한다고 주장한다. 페미니즘이라는 높은 기준을 세워놓고 그 기준에 못 맞추면 끌어내리려고 한다면 누구도 페미니스트라는 말을 쉽게 꺼내지 못할 것이기 때문이다.,300330
122008EM0000333361,9788952766984,null,국가는 왜 실패하는가,대런 애쓰모글루,시공사,2012,오늘날 세계불평등의 기원과 그 해결방안을 제시하다!
신국부론, 국가 실패의 답을 찾다『국가는 왜 실패하는가』. MIT 경제학과 교수로 활동 중인 저자 대런 애쓰모글루가 15년간의 연구를 바탕으로 로마제국, 마야 도시국가, 중세 베네치아, 구소련, 라틴아메리카, 잉글랜드, 유럽, 미국, 아프리카 등 전 세계 역사에서 주목할 만한 증거를 토대로 실패한 국가와 성공한 국가를 가르는 결정적 차이가 무엇인지 밝혀냈다. 저자는 정치와 경제, 역사를 아울러 국가의 운명은 경제적 요인에 정치적 선택이 더해질 때 완전히 달라질 수 있다고 이야기한다.,300340
122008EM0000333362,9788952779953,null,권력은 왜 역사를 지배하려 하는가,윤상욱,시공사,2018,신간 《권력은 왜 역사를 지배하려 하는가》는 전 세계의 권력자들이 역사를 정치의 도구로 이용했던 10가지 사례를 이야기한다. 도널드 트럼프의 미국 대통령 당선, 이슬람 국가ISIS의 등장, 시진핑과 푸틴의 역사 미화 정책, 헝가리의 이슬람 난민 수용 거부 등 우리에게 충격을 안겼던 최근의 정치 이슈들이 바로 그 사례다. 저자인 윤상욱 외교관은 전작 《아프리카에는 아프리카가 없다》보다 한층 더 깊숙하게 근현대사와 정치의 관계 속으로 파고들며, 현재 대한민국에도 이러한 왜곡과 은폐의 역사가 반복되고 있는 것은 아닌지 날카로운 경종을 울린다.,300340
122008EM0000333363,9788984076778,null,예정된 전쟁,그레이엄 앨리슨,세종서적,2018,역사로부터 교훈을 얻어 예정된 충돌을 막아야 한다!
우리 시대의 대표적인 정치학자 그레이엄 앨리슨이 미국과 중국이 충돌할 가능성을 냉정하게 평가하고 한반도의 역할과 국제 정치의 역학관계, 외교적 딜레마 등에 관해 깊이 있는 관점을 펼쳐 보이는 한편, 제3차 세계전쟁을 막기 위한 조언을 설득력 있게 제시하는 『예정된 전쟁』. 지금 중국과 미국은 어느 쪽도 원치 않는 전쟁을 향해 다가가고 있다. 신흥 세력이 지배 세력을 위협할 때 가장 치닫기 쉬운 결과가 바로 전쟁이라는 ‘투키디데스의 함정’ 때문이다.,300340
122008EM0000333364,9788960863514,null,왕따의 정치학,조기숙,위즈덤하우스,2017,왜 진보언론조차 노무현 문재인을 비판할까? 김대중은 국외에서는 민주주의와 인권을 향해 투쟁하고 남북한의 긴장관계 완화를 위해 기여했고, 그 공을 인정받아 노벨평화상을 수상한 지성으로 평가하지만, 정작 국내에서는 화해와 포용을 기본 태도로 남북한 간의 긴장관계를 완화하고 북한의 개혁·개방을 위해 추진한 햇볕정책이 ‘빨갱이 정부의 북한 퍼주기’로 왜곡됐다. ‘김대중의 후예’로 호남의 지지를 업고 대통령에 당선된 노무현 역시 ‘빨갱이’에 ‘막말’ 프레임에 시달렸다.,300340
122008EM0000333365,9788960863514,null,왕따의 정치학,조기숙,위즈덤하우스,2017,왜 진보언론조차 노무현 문재인을 비판할까? 김대중은 국외에서는 민주주의와 인권을 향해 투쟁하고 남북한의 긴장관계 완화를 위해 기여했고, 그 공을 인정받아 노벨평화상을 수상한 지성으로 평가하지만, 정작 국내에서는 화해와 포용을 기본 태도로 남북한 간의 긴장관계를 완화하고 북한의 개혁·개방을 위해 추진한 햇볕정책이 ‘빨갱이 정부의 북한 퍼주기’로 왜곡됐다. ‘김대중의 후예’로 호남의 지지를 업고 대통령에 당선된 노무현 역시 ‘빨갱이’에 ‘막말’ 프레임에 시달렸다.,300340
122008EM0000333366,9788960863514,null,왕따의 정치학,조기숙,위즈덤하우스,2017,왜 진보언론조차 노무현 문재인을 비판할까? 김대중은 국외에서는 민주주의와 인권을 향해 투쟁하고 남북한의 긴장관계 완화를 위해 기여했고, 그 공을 인정받아 노벨평화상을 수상한 지성으로 평가하지만, 정작 국내에서는 화해와 포용을 기본 태도로 남북한 간의 긴장관계를 완화하고 북한의 개혁·개방을 위해 추진한 햇볕정책이 ‘빨갱이 정부의 북한 퍼주기’로 왜곡됐다. ‘김대중의 후예’로 호남의 지지를 업고 대통령에 당선된 노무현 역시 ‘빨갱이’에 ‘막말’ 프레임에 시달렸다.,300340
122008EM0000333367,9788960863514,null,왕따의 정치학,조기숙,위즈덤하우스,2017,왜 진보언론조차 노무현 문재인을 비판할까? 김대중은 국외에서는 민주주의와 인권을 향해 투쟁하고 남북한의 긴장관계 완화를 위해 기여했고, 그 공을 인정받아 노벨평화상을 수상한 지성으로 평가하지만, 정작 국내에서는 화해와 포용을 기본 태도로 남북한 간의 긴장관계를 완화하고 북한의 개혁·개방을 위해 추진한 햇볕정책이 ‘빨갱이 정부의 북한 퍼주기’로 왜곡됐다. ‘김대중의 후예’로 호남의 지지를 업고 대통령에 당선된 노무현 역시 ‘빨갱이’에 ‘막말’ 프레임에 시달렸다.,300340
122008EM0000333368,9791162540039,null,한국이 소멸한다,전영수,비즈니스북스,2018,경제학자가 예견한 2018, 2020, 2030 한국경제의 미래상! 위기를 도약으로 바꾸는 세 번의 기회를 잡아라! 이전에는 ‘인구 통계’가 거시 경제와 투자 흐름을 가늠하기 위해 전문정보를 접하고 가공할 수 있는 일부에게만 소구되었다. 그러나 저출산+고령화로 생산, 악화되는 저성장 시대에 개인과 가계 경제를 설명하는 가장 파워풀한 변수로 대두됐다. 그리고 이 시대 변화의 중심에 인구가 있다,300320
122008EM0000333369,9791162540039,null,한국이 소멸한다,전영수,비즈니스북스,2018,경제학자가 예견한 2018, 2020, 2030 한국경제의 미래상! 위기를 도약으로 바꾸는 세 번의 기회를 잡아라! 이전에는 ‘인구 통계’가 거시 경제와 투자 흐름을 가늠하기 위해 전문정보를 접하고 가공할 수 있는 일부에게만 소구되었다. 그러나 저출산+고령화로 생산, 악화되는 저성장 시대에 개인과 가계 경제를 설명하는 가장 파워풀한 변수로 대두됐다. 그리고 이 시대 변화의 중심에 인구가 있다,300320
122008EM0000333370,9791162540039,null,한국이 소멸한다,전영수,비즈니스북스,2018,경제학자가 예견한 2018, 2020, 2030 한국경제의 미래상! 위기를 도약으로 바꾸는 세 번의 기회를 잡아라! 이전에는 ‘인구 통계’가 거시 경제와 투자 흐름을 가늠하기 위해 전문정보를 접하고 가공할 수 있는 일부에게만 소구되었다. 그러나 저출산+고령화로 생산, 악화되는 저성장 시대에 개인과 가계 경제를 설명하는 가장 파워풀한 변수로 대두됐다. 그리고 이 시대 변화의 중심에 인구가 있다,300320
122008EM0000333371,9788971991367,null,유시민의 경제학 카페,유시민,돌베개,2002,문제는 경제학적 사고방식으로 생각할 수 있는가다! 시사평론가 유시민이 평범한 시민과 학생들을 위해 써내려 간 흥미로운 경제서 『유시민의 경제학 카페』. 경제학이라는 전공 학문의 이론적 토대 위에, 자유롭고 신선한 발상이 존재하는 지성의 공간, 경제학 카페를 차리고 독자들을 초대했다,300320
122008EM0000333372,9788954637169,null,법륜 스님의 행복,법륜,나무의마음,2016,당신은 행복해질 권리가 있다 법륜 스님은 지난 30년 동안 우리나라 전국방방곡곡은 물론 세계 115개 도시의 강연장과 길 위에서 수많은 사람들을 만나왔다. 그들은 법륜 스님에게 결혼은 어떻게 해야 하는지, 자식은 어떻게 키워야 하는지, 직장생활은 어떻게 해야 하는지, 사회적 갈등과 세상의 불평등은 어떻게 해결해야 하는지 묻는다. 일견 다 다른 질문 같지만 자세히 들여다보면 문제는 결국 ‘행복’이다,200220
122008EM0000333373,9791186588772,null,돈이란 무엇인가 ,앙드레 코스톨라니,이레미디어,2016,투자자 앙드레 코스톨라니가 말하는 돈을 다루는 방법! 소신과 자신만의 철학으로 투자하고 성공한, 20세기 개인투자자의 전설이라고 할 수 있는 코스톨라니에게서 우리는 무엇을 배울 수 있을까. 이 책 『돈이란 무엇인가』는 80여 년 투자인생에서 겪은 돈과 관련된 다양한 이야기들을 엮은 책이다. 책을 통해 투자를 긍정적으로 바라보고 투자를 즐긴 위대한 현인의 ‘돈에 대한 철학’ 혹은 ‘투자에 대한 철학’을 만나볼 수 있을 것이다.,300320
122008EM0000333374,9791188128044,null,돈이란 무엇인가 ,이즈미 마사토,오리진하우스,2017,돈에 현혹될 것인가, 지배할 것인가? 일본의 금융교육 전문가이자 파이낸셜아카데미 그룹의 대표인 저자 이즈미 마사토는 『돈이란 무엇인가』를 통해, 삶과 떼려야 뗄 수 없는 돈에 대해 그 본질을 묻고 학교에서 배우지 못했던 그 취급법과 7가지 돈의 교양을 이 책에 담아냈다,300320
122008EM0000333375,9788967540210,null,돈이란 무엇인가 ,에릭 로너건,파이카,2013,‘돈’은 우리에게 어떤 영향을 미치는가! 「삶의 기술 시리즈」는 철학에 새로이 활기를 불어넣어 대중이 철학적 풍요를 누릴 수 있도록 도왔다. ‘어떻게 살아야 하는가’라는 질문을 던지며, 저자들의 개인적 반성에 기초한 철학적 글로 구성했다.,300320
122008EM0000333376,9788981443177,null,돈이란 무엇인가 ,데이비드 크루거 , 존 데이비드 만,시아출판사,2011,대체 돈이란 정말 무엇일까? 돈에 대한 명쾌한 대답을 제시하는 머니학 책 『돈이란 무엇인가』. 돈이란 무엇인지, 어떻게 해야 할 것인지에 대해 다루고 있다. 사람과 돈의 관계, 재정적인 성공을 비롯해 삶 전반에 돈이 미치는 영향을 이야기한다,300320
